-- phpMyAdmin SQL Dump
-- version 5.0.2
-- https://www.phpmyadmin.net/
--
-- Host: 127.0.0.1
-- Generation Time: Oct 05, 2020 at 05:09 PM
-- Server version: 10.4.11-MariaDB
-- PHP Version: 7.2.29

SET SQL_MODE = "NO_AUTO_VALUE_ON_ZERO";
START TRANSACTION;
SET time_zone = "+00:00";


/*!40101 SET @OLD_CHARACTER_SET_CLIENT=@@CHARACTER_SET_CLIENT */;
/*!40101 SET @OLD_CHARACTER_SET_RESULTS=@@CHARACTER_SET_RESULTS */;
/*!40101 SET @OLD_COLLATION_CONNECTION=@@COLLATION_CONNECTION */;
/*!40101 SET NAMES utf8mb4 */;

--
-- Database: `ordermanagment`
--

-- --------------------------------------------------------

--
-- Table structure for table `costumers`
--

CREATE TABLE `costumers` (
  `id` int(10) UNSIGNED NOT NULL,
  `first_name` varchar(20) COLLATE utf8mb4_unicode_ci NOT NULL,
  `last_name` varchar(100) COLLATE utf8mb4_unicode_ci NOT NULL,
  `national_code` varchar(11) COLLATE utf8mb4_unicode_ci NOT NULL,
  `phone_num` varchar(11) COLLATE utf8mb4_unicode_ci DEFAULT NULL,
  `cell_phone_num` varchar(11) COLLATE utf8mb4_unicode_ci NOT NULL,
  `zip_code` varchar(10) COLLATE utf8mb4_unicode_ci DEFAULT NULL,
  `address` varchar(255) COLLATE utf8mb4_unicode_ci NOT NULL,
  `created_at` timestamp NULL DEFAULT NULL,
  `updated_at` timestamp NULL DEFAULT NULL
) ENGINE=InnoDB DEFAULT CHARSET=utf8mb4 COLLATE=utf8mb4_unicode_ci;

--
-- Dumping data for table `costumers`
--

INSERT INTO `costumers` (`id`, `first_name`, `last_name`, `national_code`, `phone_num`, `cell_phone_num`, `zip_code`, `address`, `created_at`, `updated_at`) VALUES
(1, 'محمد', 'بوربور اژدری', '0045307946', NULL, '09125725227', '3393449470', 'تهران ،جاده خاوران ،بعد از پلیس راه شریف آباد ،روستای ابراهیم آباد ،جنب خانه بهداشت', '2020-01-31 23:18:20', '2020-06-07 08:52:17'),
(2, 'شرکت', 'زرچین امین غرب', '10103220855', '', '09126080297', '3393189973', 'پاکدشت ،شهرک صنعتی عباس آباد ،بلوار ابن سینا ،خیابان مدرس ،پلاک 2396', '2020-02-01 01:41:14', '2020-02-01 01:41:14'),
(3, 'شرکت', 'جلال اوغلو قند آذربایجان', '10220171360', '', '09144451650', '5736148389', 'ارومیه ،جاده شهیدکلانتری ،جاده طلاتپه ،روبروی ایران گاز', '2020-02-01 01:42:38', '2020-02-01 01:42:38'),
(4, 'عباس', 'عباسی پور', '5029446249', '', '09181116462', '6561714893', 'فامنین ،خ امام خمینی ،نرسیده به سه راه مسجد اعظم', '2020-02-01 01:43:57', '2020-02-01 01:43:57'),
(5, 'تعاونی', 'کشاورزی زنبورداران شهرستان ساوه', '10861631116', '', '09120681165', '3919915487', 'ساوه ،خیابان مهر ،نبش مهر 4', '2020-02-01 01:45:39', '2020-02-01 01:45:39'),
(6, 'شرکت', 'شکلات زیبا', '10200057180', '', '09141157504', '5159134987', 'تهران ،کیلومتر 3 جاده تهران ،جنب پخش رازی ،کوی صنعت اول', '2020-02-01 01:47:56', '2020-02-01 01:47:56'),
(7, 'شرکت', 'فروشگاه های زنجیره ای اورست مدرن پارس', '10320634806', '', '09382998900', '3445183151', 'قزوین ،کیلومتر 25 اتوبان قزوین تهران ،شهرک صنعتی کاسپین ،خ شهید رجایی ،جنب شرکت پویا چرخ', '2020-02-01 01:49:31', '2020-02-01 01:49:31'),
(8, 'مازیار', 'نیرومند', '3930299828', '08132448445', '09183516919', '6571117984', 'ملایر ، شهرک صنعتی شماره 1 (شوشاب) ، خیابان 19 ، کارخانه قند جام', '2020-02-01 18:01:27', '2020-02-01 18:01:27'),
(9, 'سیدابراهیم', 'علیپور سرابی', '4189463647', '06633228709', '09161612629', '6817785584', 'خرم آباد ، بلوار جانبازان ، جنب دانشگاه پیام نور ، شرکت خدمات حمایتی کشاورزی', '2020-02-01 19:47:50', '2020-02-01 19:47:50'),
(10, 'ولی الله', 'قربانی', '4910662952', '02156321657', '09198022346', '3761744491', 'رباط کریم ، بلوار آرادگان ، نبش بوستان 5', '2020-02-01 21:23:04', '2020-02-01 21:23:04'),
(11, 'محمد', 'اصغری', '3873873451', NULL, '09183143274', NULL, 'همدان ، خ باباطاهر ، ک ایزدی ، پلاک 10 ، فروشگاه ایران زمین', '2020-02-03 23:24:28', '2020-02-05 19:05:25'),
(12, 'حسین', 'پارسایی نژاد', '3873960486', NULL, '09188126170', NULL, 'همدان ، میدان عین القضات ، انتهای کوچه اصلیان ، بازار ولایت', '2020-02-03 23:27:00', '2020-02-03 23:27:00'),
(13, 'مسعود', 'ملکی', '3874060950', NULL, '09183153424', NULL, 'همدان ، خ باباطاهر ، کوچه جراحها', '2020-02-03 23:27:59', '2020-02-03 23:27:59'),
(14, 'میثم', 'کاظمی دوست', '3874102440', NULL, '09181115731', '6518647814', 'همدان ، میدان عین القضات ، کوچه شهید اصلیان نرسیده به کوچه درخشان ، طبقه همکف', '2020-02-03 23:29:56', '2020-02-03 23:29:56'),
(15, 'عفت', 'توسلی', '3874216764', NULL, '09183128337', '6518657145', 'همدان ، خیابان باباطاهر ، نرسیده به کوچه شهید سنگستانی ، پلاک 5', '2020-02-03 23:31:19', '2020-02-03 23:31:19'),
(16, 'محمد اسمعیل', 'ساعتیان', '3874324273', NULL, '09181116128', '6518658489', 'همدان ، خ باباطاهر ، کوچه جراحان ، روبروی حسینیه مدنی', '2020-02-03 23:32:56', '2020-03-09 23:21:55'),
(17, 'محمدحسن', 'غلام ویسی', '3874336239', NULL, '09181112974', '6518659443', 'همدان ، خ 18 متری علویان ، کوچه انوری ، روبروی بانک ملت', '2020-02-03 23:45:33', '2020-02-03 23:45:33'),
(18, 'محمدهمایون', 'فامیل گوهریان', '3874407829', '09181114703', '09181114703', '6514784345', 'همدان ، انتهای خیابان اراک، بازرگانی گوهریان', '2020-02-03 23:47:24', '2020-06-18 02:51:21'),
(19, 'حسین', 'بیاتیان', '3874433986', NULL, '09182223709', NULL, 'همدان ، خ باباطاهر، خ معصومی همدانی ، ک شهید محمود ولیپور ، پایین تر از بانک ملی ، پ 114', '2020-02-04 00:00:57', '2020-02-04 00:00:57'),
(20, 'مجید', 'توقیری', '3874556115', NULL, '09183110214', '6519695938', 'همدان ، خ باباطاهر ، کوچه جراحان ، روبروی حسینیه مدنی', '2020-02-04 00:02:02', '2020-02-04 00:02:02'),
(21, 'امیر', 'پویان نیا', '3874773035', NULL, '09183156304', '6518658497', 'همدان ، خ باباطاهر ، کوچه جراحان ، روبروی حسینیه مدنی', '2020-02-04 00:02:54', '2020-07-05 02:38:27'),
(22, 'مجتبی', 'قاسمپور', '3875406850', NULL, '09183114684', NULL, 'همدان ، روستای علی آباد', '2020-02-04 00:03:47', '2020-02-04 00:03:47'),
(23, 'مسعود', 'حسنی رحمان', '3875436466', NULL, '09188184575', '6519695893', 'همدان ، میدان عاشورا ، بلوار هاشمی رفسنجانی ، مجتمع تجاری مواد غذایی مهدیه ، پلاک24 ، واحد12', '2020-02-04 00:04:58', '2020-03-09 23:38:37'),
(24, 'حمید', 'الوند پناه همدانی', '3875567447', NULL, '09189054193', NULL, 'همدان ، جولان ، نظربیگ ، کوچه کاهبار ، پلاک 105 ، فروشگاه محلی شهروند', '2020-02-04 00:05:53', '2020-02-08 05:13:05'),
(25, 'ذکریا', 'یوسفی', '3875834216', NULL, '09189063541', NULL, 'همدان ، جورقان ، محله گمار ، روبروی کتابخانه', '2020-02-04 00:07:08', '2020-02-04 00:07:08'),
(26, 'ابراهیم', 'احدی', '4050228521', NULL, '09181190103', '6514183933', 'بهار ، پلیس راه قدیم همدان کرمانشاه ، چشمه قصابان', '2020-02-04 19:00:16', '2020-02-04 19:00:16'),
(27, 'شرکت', 'قند سپید ابرار', '10820057160', NULL, '09181112211', '6519118629', 'همدان ، جاده تهران ، پشت ایرانگاز', '2020-02-04 19:21:49', '2020-02-04 19:21:49'),
(29, 'شرکت', 'شکوفه سحر', '10820111543', '08134586703', '09188102630', '6514183141', 'بهار ، شهرک صنعتی بهاران ، خ صنعت ، نبش کوچه دوم غربی ، بالاتر از آتش نشانی', '2020-02-05 18:09:26', '2020-02-05 18:09:26'),
(30, 'رضا', 'مرادی', '3990879898', '08136222988', '09181112639', '6569188680', 'رزن ، شهرک پاسداران ، جنب مسجد قمر بنی هاشم', '2020-02-09 17:43:52', '2020-02-09 17:43:52'),
(31, 'حشمت الله', 'خیراللهی', '3930436991', NULL, '09119558957', '6576144146', 'ملایر ، شهرک صنعتی سامن ، خیابان چهارم ، قطعه 62 ، کارخانه قند دوایس', '2020-02-11 20:00:19', '2020-02-11 20:00:19'),
(32, 'شهریار', 'مخزنی توکل', '4031400357', NULL, '09188117577', '6514813948', 'همدان ، خیابان اکباتان ، چاله دباغخانه بزرگ ، روبروی پخش زرین ، فروشگاه توکلی', '2020-02-15 22:08:27', '2020-02-15 22:08:27'),
(34, 'غلامحسین', 'فامیل پلوئی', '3873785137', NULL, '09181113073', '6518658961', 'همدان ، گنبد علویان ، جنب سرای تجارت', '2020-02-16 17:46:07', '2020-03-09 23:23:23'),
(35, 'شرکت', 'تعاونی تولید قند شیرین ارکیده', '10820082763', '08138329351', '09189110919', '6516833715', 'بهار ، شهرک صنایع غذایی بهار ، خیابان دوم ، شماره 20', '2020-02-19 22:40:07', '2020-02-19 22:40:07'),
(36, 'مرتضی', 'گرجی ازندریانی', '3920063074', NULL, '09108118100', '6514734614', 'همدان ، خیابان صدف ، نبش کوچه دلخواه ، پلاک 250', '2020-02-19 22:42:16', '2020-02-19 22:42:16'),
(37, 'شرکت', 'کیک و کلوچه میش مست لاهیجان', '10860469843', NULL, '09183143802', '6514183294', 'همدان ، جاده کرمانشاه ، جنب پلیس راه ، ناحیه صنعتی چشمه قصابان', '2020-02-21 16:31:09', '2020-06-24 02:26:08'),
(38, 'اتحادیه', 'مرکزی تعاونی های مصرف کارگران ایران (امکان)', '10100577954', '08132747627', '09189100104', '6513768138', 'همدان ، جاده شورین ، جنب انبارهای عمومی استان ، اتحادیه امکان', '2020-02-21 17:46:36', '2020-06-12 01:32:49'),
(39, 'شرکت', 'صنایع غذایی سحر همدان', '10861112549', '08134383690', '09188084687', '6518114364', 'همدان ، شهرک صنعتی بوعلی ، بلوار اول ، خیابان سیزدهم', '2020-02-21 19:30:15', '2020-02-21 19:30:15'),
(40, 'شرکت', 'بستنی بهاره همدان', '10860462049', '09398135076', '09121974332', '6553171376', 'کبودرآهنگ ، شهرک صنعتی ویان، بلوار عباس همدانی، خیابان سوم', '2020-02-22 01:00:15', '2020-02-22 01:00:15'),
(41, 'احمدعلی', 'کرمی', '3800884119', NULL, '09188186693', '6518914555', 'بهار ، شهرک صنعتی بهاران ، خ اول غربی ، خ دوم ، قطعه 36', '2020-02-22 19:31:35', '2020-06-30 02:45:25'),
(42, 'اتحادیه', 'تعاونی های مصرف کارکنان دولت در استان همدان', '10820002066', '08132747719', '09181114576', '6513767956', 'همدان ، میدان امام حسین ، بلوار الغدیر ، جنب مجتمع علاقبندیان ، جنب مدرسه شهید حسنی', '2020-02-23 19:00:46', '2020-06-20 09:02:56'),
(43, 'مهدی', 'عبدالملکی', '3979567168', '08133496965', '09184982300', '6581618136', 'تویسرکان ، خیابان مدرس سبزواری ، خیابان دادگستری', '2020-02-23 19:22:34', '2020-02-23 19:22:34'),
(44, 'جعفر', 'حق ویردی', '3992139395', NULL, '09188120287', '6568156934', 'رزن ، خ امام، خ شهید افشاری، پلاک 40', '2020-02-24 23:56:12', '2020-02-24 23:56:12'),
(45, 'سیامک', 'نوری', '4010092971', '09358966043', '09187065605', '6541844476', 'اسدآباد، خیابان رفسنجان، کوچه گلستان', '2020-02-28 00:41:43', '2020-02-28 00:41:43'),
(46, 'علی احمد', 'سوری', '3962840583', NULL, '09183520476', '6591745785', 'نهاوند، خیابان آزادگان، کوچه سرداب بازار', '2020-02-28 00:51:01', '2020-02-28 00:51:01'),
(47, 'حجت اله', 'بیاناتی', '0042467950', NULL, '09188511841', '6571631545', 'ملایر ، خیابان شهید وفائی ، نرسیده به سرای فرهنگ', '2020-02-28 17:08:39', '2020-02-28 17:08:39'),
(48, 'علی', 'بابائی', '4020092117', NULL, '09353605735', '6551736434', 'کبودرآهنگ ، بلوار شهید رجائی ، روبروی کافی نت دانشجو', '2020-02-28 22:04:08', '2020-02-28 22:04:08'),
(49, 'سید حسین', 'حسینی', '4051444457', NULL, '09183133556', '6531856378', 'بهار ، میدان شهدا ، خیابان شهیدان حسینی', '2020-02-29 17:40:45', '2020-02-29 17:40:45'),
(50, 'محمدجعفر', 'فرجی', '3871599786', '08132526078', '09188110576', '6518653914', 'همدان ، خ اکباتان ، راسته خامه فروش ها ، بازار ولایت 72', '2020-03-08 20:15:13', '2020-03-08 20:15:13'),
(51, 'محمدعلی', 'عرفان', '4011238406', NULL, '09188147053', '6519739571', 'همدان ، اسلام شهر ، خیابان عقیل ، روبروی حسینیه باب الحوائج ، فروشگاه کیمیا', '2020-03-08 21:32:57', '2020-03-08 21:32:57'),
(52, 'محمدکریم', 'فرجی', '3870998911', NULL, '09181115652', '6518647770', 'همدان ، خ باباطاهر ، راستای قبله ، نرسیده به شیشه فروشها ، پلاک 74', '2020-03-09 00:24:20', '2020-06-21 03:01:50'),
(53, 'میلاد', 'رضایی', '4040324188', NULL, '09032045117', '6519965797', 'همدان ، شهرک فرهنگیان ، کوچه عماد ، خیابان عرفان ، پلاک38', '2020-03-09 02:38:48', '2020-03-09 02:38:48'),
(54, 'محمدرضا', 'چراغی', '4050751704', NULL, '09183121450', '6518653316', 'همدان ، گنبد علویان ، 18 متری علویان ، کوچه ایزدی ، جنب بانک ملت', '2020-03-09 20:35:08', '2020-03-09 20:35:08'),
(55, 'هوشنگ', 'چراغی', '4050746761', '08132531318', '09188123768', '6518657513', 'همدان ، گنبد علویان ، کوچه انواری', '2020-03-09 20:41:13', '2020-03-09 20:41:13'),
(56, 'حمید', 'سلطانی نوروزی زاده', '3860332937', NULL, '09183160846', '6513678619', 'همدان-جولان، بلوار آیت اله تالهی، جنب درمانگاه، پلاک 401', '2020-03-09 21:47:12', '2020-03-09 21:47:12'),
(57, 'مجید', 'صدرایی انور', '4031713371', '08132524616', '09187000072', '6518647952', 'همدان ، میدان عین القضات ، کوچه شهید اصلیان ، نبش کوچه روشن ، طبقه همکف', '2020-03-09 23:27:59', '2020-03-09 23:27:59'),
(58, 'مجتبی', 'ذوالفقاری', '4050758393', NULL, '09188123153', '6518657579', 'همدان ، خ باباطاهر ، 18 متری علویان ، روبروی سرای تجارت', '2020-03-09 23:30:33', '2020-03-09 23:30:33'),
(59, 'محمد', 'غفوری صدر', '3860925271', NULL, '09027335460', '6518653863', 'همدان ، بلوار علویان ، 18 متری گوهریان ، کوچه ایزدی', '2020-03-10 02:34:39', '2020-03-10 02:34:39'),
(60, 'جعفر', 'الهی موحد', '3871591793', NULL, '09181111524', '6514654594', 'همدان ، خیابان شهدا ، کوچه آخوند همدانی', '2020-03-10 03:13:10', '2020-03-10 03:16:39'),
(61, 'حاجی محمد', 'سلگی', '3962024751', NULL, '09188520134', '6518649677', 'همدان، میدان عین القضات، کوچه اصلیان، جنب املاک بازار، پلاک 45', '2020-04-17 02:41:08', '2020-04-17 02:41:08'),
(62, 'علیرضا', 'رضایی (قند ارکیده)', '3873374935', NULL, '09189110919', '6516833715', 'بهار ، شهرک غذایی بهار ، خیابان دوم ، شماره 20', '2020-04-21 02:14:40', '2020-07-11 07:38:43'),
(63, 'شرکت', 'رضوان شکلات', '10101540244', '02634708440', '09102062603', '3199955145', 'کمالشهر ، شهرک رضوانیه ، خیابان 13 ، پلاک 4', '2020-06-07 07:03:03', '2020-06-07 07:03:03'),
(64, 'شرکت', 'سروستان خوراک', '10103018422', '02136426000', '09309936566', '3393175335', 'شهرک صنعتی عباس آباد ، بلوار ابن سینا ، خ 30 ، پلاک 1775', '2020-06-08 06:58:01', '2020-06-08 06:58:01'),
(65, 'شرکت', 'صنایع غذایی بوعلی سینای اکباتان', '10861120750', '08114383988', '09183195158', '6518114575', 'شهرک صنعتی بوعلی ، بلوار سوم ، نبش خ 35', '2020-06-09 03:56:06', '2020-08-15 06:59:03'),
(66, 'شرکت', 'آریا ایده آل (نامیکا)', '10820053756', NULL, '09188176441', NULL, 'شهرک صنعتی بوعلی ، خیابان سی ام', '2020-06-09 03:59:12', '2020-07-15 07:19:55'),
(67, 'شرکت', 'حلوای عقاب', '10101980174', '02122889564', '09122889564', '3356761136', 'کیلومتر 5 جاده رباط کریم، سه راه فردوسیه، بلوار طالقانی، خ صنعتگران، پ 5', '2020-06-10 03:17:38', '2020-06-10 03:17:38'),
(68, 'زهرا', 'احمدوندبادامکی', '3979920585', NULL, '09185554859', '6518655597', 'خیابان باباطاهر ، کوچه جراحها ، سه راه حسین خانی ، مجتمع ولیعصر', '2020-06-13 02:56:41', '2020-06-13 02:56:41'),
(69, 'مهین', 'یادگاری', '0321459301', NULL, '09189012669', '6513154869', 'روستای مهدی آباد ، خیابان ولیعصر ، بن بست شهید رجائی', '2020-06-14 06:16:44', '2020-06-14 06:16:44'),
(70, 'شرکت', 'صنعتی مینو', '10460002140', '02435528051', '09100000000', '4571817576', 'زنجان ، خرمدره ، خیابان امام', '2020-06-15 01:18:54', '2020-06-15 02:11:02'),
(71, 'احمد', 'بیاتی', '3871013773', NULL, '09183120045', '6518658923', 'همدان ، گنبد علویان ، نبش پاساژ تجارت', '2020-06-15 02:01:58', '2020-06-15 02:01:58'),
(72, 'شرکت', 'تعاونی مصرف فرهنگیان همدان', '10861096065', '08132525009', '09182156368', '6515787599', 'همدان - خیابان تختی - سر پل یخچال', '2020-06-16 01:42:36', '2020-06-16 02:35:53'),
(73, 'محمدرضا', 'ملکی', '3933326486', NULL, '09183510509', '6571739756', 'خیابان شهید احمد وفائی زاده ، نبش خیابان آیت الله سید محمود طالقانی ، طبقه همکف', '2020-06-16 06:12:33', '2020-06-16 06:12:33'),
(74, 'شرکت', 'صنایع غذایی شکوه آرینا', '10820027207', '08134586210', '09185410553', '6514183813', 'بهار ، شهرک صنعتی بهاران', '2020-06-18 00:58:57', '2020-06-18 00:58:57'),
(75, 'شرکت', 'تعاونی خوار و بار و لبنیات شهرستان ملایر', '10820015992', NULL, '09181510018', '6571741659', 'ملایر ، خیابان شهید وفایی ، پشت بانک ملی', '2020-06-18 06:30:15', '2020-06-18 06:31:51'),
(76, 'شرکت', 'تعاونی مصرف فرهنگیان ملایر', '10820017012', '08133354012', '09188511205', '6571761598', 'ملایر ، خ شهدا ، جنب هنرستان شهید بهشتی', '2020-06-18 07:47:12', '2020-06-18 07:47:12'),
(77, 'شرکت', 'تعاونی مصرف کارکنان دولت در ملایر', '10820010109', NULL, '09183532103', '6571683475', 'ملایر، میدان آزادگان', '2020-06-20 02:28:50', '2020-06-20 02:28:50'),
(78, 'محسن', 'مرادی', '4050960419', NULL, '09183122022', '6533159796', 'لالجین ، خیابان توحید ، بالاتر از میدان توحید ، کیک و کلوچه مرادی', '2020-06-20 08:21:37', '2020-06-20 08:21:37'),
(79, 'شرکت', 'پژوهش و تولید نارین', '10860458259', '08134383224', '09181114688', '6518114369', 'همدان ، شهرک صنعتی بوعلی ، بلوار اول ، خیابان 13 ، شماره 35', '2020-06-21 01:25:42', '2020-06-21 01:25:42'),
(80, 'مجتبی', 'قیاسوند', '3932827066', NULL, '09365169011', '6571837553', 'ملایر ، میدان امام حسین ، خ بلال حبشی ، بعد از کوچه خلیلی ، مغازه دوم', '2020-06-21 09:26:26', '2020-06-21 09:26:26'),
(81, 'اتحادیه', 'صنف قنادان و بستنی اسدآباد', '14008093184', NULL, '09188147041', '6541845368', 'اسدآباد ، میدان امام ، کوچه اخلاص ، کوچه گلستان', '2020-06-22 03:17:15', '2020-06-22 03:17:15'),
(82, 'علی', 'نعیمی', '3979268438', '08134941909', '09181500108', '6581634182', 'تویسرکان ، خیابان شهید تندگویان ، میدان شهید آیت الله متح', '2020-06-22 03:32:57', '2020-06-22 03:32:57'),
(83, 'محمود', 'رحیمی منفرد', '0620438894', '08634455378', '09183481865', '3833151649', 'اراک، شهرک صنعتی شماره 2، خ ارغوان 2، روبروی شرکت جهان الکل', '2020-06-22 04:54:00', '2020-06-22 04:54:00'),
(84, 'شرکت', 'صنایع غذایی آریاشور هگمتانه', '14003345800', '08134374505', '09188117307', '6519143744', 'بهار ، شهرک صنایع غذایی بهار ، خیابان دوم ، قطعه 13', '2020-06-22 06:05:18', '2020-06-22 06:05:18'),
(85, 'حمید', 'عابدی', '3873478031', NULL, '09128985009', '6559114134', 'کبودرآهنگ- روبروی نیروگاه شهید مفتح', '2020-06-22 06:43:21', '2020-06-22 06:43:21'),
(86, 'شرکت', 'تولید فرآورده های غذایی بینا رزن', '10820000482', '08136331101', '09129416936', '6561385413', 'رزن ، بعد از پلیس راه رزن ، کیلومتر 3 جاده رزن قزوین ، روبروی رخشان آرد', '2020-06-22 07:17:48', '2020-06-22 07:17:48'),
(87, 'امجد', 'معظمی', '3801048268', '08134586454', '09183146830', '6515795446', 'بهار - شهرک صنعتی بهاران - خیابان صنعت - خیابان یکم - قطعه 23', '2020-06-22 07:24:23', '2020-06-22 07:24:23'),
(88, 'علی اکبر', 'کفراشی', '3962575006', NULL, '09183517483', '6591753656', 'نهاوند - دور میدان 17 شهریور', '2020-06-22 07:58:21', '2020-06-22 07:58:21'),
(89, 'شرکت', 'تعاونی زنبورداران استان همدان', '10820015730', NULL, '09188113406', NULL, 'همدان - آدرس های تعیین شده توسط کارخانه', '2020-06-22 08:01:53', '2020-06-22 08:01:53'),
(90, 'امیر', 'ثریایی', '4050995220', NULL, '09181112629', '6514183807', 'بهار - شهرک صنعتی بهاران، خیابان کردستان، کوچه18 ، کیک وکلوچه ثریایی', '2020-06-22 08:08:17', '2020-06-22 08:25:59'),
(91, 'عزیزاله', 'رستمی', '3961723427', NULL, '09181519003', '6591766893', 'نهاوند - میدان نیروی انتظامی', '2020-06-22 08:55:45', '2020-06-22 08:55:45'),
(92, 'محمد', 'معصومی آصف', '3990947427', NULL, '09188184959', '6569144381', 'رزن ، ابتدای بلوار معلم ، فروشگاه مرکزی', '2020-06-22 23:37:45', '2020-06-23 07:51:14'),
(93, 'شرکت', 'تعاونی زنبورداران اسدآباد', '10861090780', NULL, '09188163734', '6541875557', 'اسدآباد - بلوار شیخ کاظم حمزه ای ، روبروی فرمانداری', '2020-06-23 01:10:11', '2020-06-23 01:10:11'),
(94, 'شرکت', 'تعاونی اتحادیه شرکتهای تعاونی روستایی آفتاب اراک', '10780012593', '08634175370', '09181629082', '3831775339', 'اراک - میدان انقلاب، بلوار خونین شهر، روبروی پیک نیک پرکنی', '2020-06-23 02:26:11', '2020-06-23 02:26:11'),
(95, 'اتحادیه', 'زنبورداران تویسرکان', '10820007873', NULL, '09188526583', '6581738455', 'تویسرکان ، محله اسماعیل آباد ، خیابان دکتر صادق آئینه وند ، کوچه باغ ، پلاک 5', '2020-06-23 03:20:56', '2020-06-23 03:20:56'),
(96, 'شرکت', 'صنایع غذایی شادچین نگین خاورمیانه', '14007576832', '08134586861', '09169363004', '6514183130', 'بهار ، شهرک صنعتی بهاران ، بلوار صنعت ، خ دوم غربی ،  قطعه 32 ، جنب شرکت آی آی', '2020-06-23 06:23:30', '2020-06-23 06:23:30'),
(97, 'موسی', 'محمودوند', '3962391762', NULL, '09188509803', '6591753697', 'نهاوند ، میدان 17 شهریور ، خیابان نهضت', '2020-06-24 00:46:59', '2020-06-24 00:46:59'),
(98, 'شرکت', 'صنایع غذایی سواره چیای مریوان', '14007512603', NULL, '09188330462', '6616875189', 'سنندج - شهرک صنعتی سنندج 1، خیابان تعاون، کوچه اول، دست چپ', '2020-06-24 04:03:48', '2020-06-24 04:03:48'),
(99, 'شرکت', 'تعاونی مصرف کارکنان سازمان صنعت، معدن و تجارت استان قم', '10860967649', '02537754343', '09121514152', '3719163731', 'قم - بلوار 15 خرداد، کوچه شماره 2', '2020-06-24 05:39:20', '2020-06-24 05:39:20'),
(100, 'واحد', 'کمالیان', '3932020189', NULL, '09183530907', '6571645115', 'ملایر - خ عاشورا، خ شهید صادقی، سمت چپ، پلاک 10', '2020-06-24 07:25:25', '2020-06-24 07:25:25'),
(101, 'شرکت', 'تهیه و بسته بندی کره و خامه نیکو نام نهاوند', '10820030210', '08133212701', '09183539448', '6597158326', 'نهاوند - روستای دهفول، کیلومتر 5 جاده کرمانشاه، پلاک 26', '2020-06-24 09:40:55', '2020-06-24 09:40:55'),
(102, 'افشین', 'خزایی', '3961802408', NULL, '09188515074', '6591745788', 'نهاوند - خیابان آزادگان، کوچه سرداب غربی (بازار)، خوار و بار فروشی خزایی', '2020-06-25 01:38:37', '2020-06-25 01:38:37'),
(103, 'جواد', 'وثوقی نیا', '4051733092', NULL, '09188114793', '6514183709', 'بهار - چشمه قصابان ، خ کردستان ، کوچه بهاران شمالی 3', '2020-06-26 09:00:05', '2020-06-26 09:00:27'),
(104, 'شرکت', 'مصرف فرهنگیان منطقه قروه در جزین', '10861123563', NULL, '09188120710', '6569157495', 'قروه در جزین - خیابان شهید مدنی، روبروی مخابرات', '2020-06-28 00:53:05', '2020-06-28 00:53:05'),
(105, 'گروه', 'صنعتی نجاتی (آناتا)', '10860379953', '04136372020', '09144032140', '5159138888', 'تبریز ، کیلومتر 6 جاده تهران ، شرکت آناتا', '2020-06-28 01:47:16', '2020-07-15 07:22:51'),
(106, 'کمال', 'صالحی', '4051965767', NULL, '09186805988', '6551943741', 'کبودرآهنگ ، بلوار بعثت ، کوچه خیام', '2020-06-28 01:49:52', '2020-06-28 01:49:52'),
(107, 'شرکت', 'سهامی خاص شیرین لبن آبیدر الوند', '14007789754', '08191313031', '09183111001', '6518114869', 'همدان ، شهرک صنعتی بوعلی ، بلوار سوم ، خیابان 30', '2020-06-28 05:53:44', '2020-06-28 05:53:44'),
(108, 'شرکت', 'تعاونی روستایی کمیجان', '10780009333', NULL, '09183491416', '3851797317', 'کمیجان - خیابان معلم، کوچه سنبل', '2020-06-28 05:55:56', '2020-06-28 05:55:56'),
(109, 'سعیده', 'حقیقت', '4133189833', NULL, '09163627091', '6914198114', 'بروجرد ، شهرک صنعتی شماره 1 ، بلوار تلاش 2', '2020-06-28 06:08:07', '2020-06-28 06:08:07'),
(110, 'رضا', 'گومهء', '4969827133', NULL, '09181370382', '6746134564', 'صحنه - ناحیه صنعتی کارگاهی، روبروی دانشگاه آزاد، آخرین کارگاه', '2020-06-28 06:48:02', '2020-06-28 06:48:02'),
(111, 'سلیمان', 'طیوری', '4219018913', '06643233078', '09125614409', '6884158079', 'درود ، کیلومتر 9 جاده درود بروجرد ، روبروی ماسه شویی عبدی', '2020-06-28 07:18:12', '2020-06-28 07:18:12'),
(112, 'شرکت', 'آذرخش پیشه وران همدان', '14008666314', NULL, '09188126170', '6518647778', 'همدان - راسته حسین خانی، کوچه شهید اصلیان، ساختمان بازار ولایت', '2020-06-28 08:49:38', '2020-06-28 08:49:38'),
(113, 'علی', 'حسینی', '5029598431', NULL, '09183517014', '6561943140', 'فامنین ، بلوار دکتر یحیی دولتی ، خیابان شهید چمران ، نرسیده به کمیته امداد', '2020-06-29 02:19:37', '2020-06-29 02:19:37'),
(114, 'شرکت', 'شهد شیرین کفراج دلفان', '14007163956', NULL, '09163671463', '6833191843', 'نورآباد ، کوی جهادگران ، بالاتر از آژانس پرستو ، نبش خیابان عاشورا', '2020-06-29 02:53:41', '2020-06-29 02:53:41'),
(115, 'اتحادیه', 'صنف قنادان و شیرینی فروشان همدان', '14008069342', NULL, '09181113073', '6518658961', 'همدان ، شکریه ، خ میرزاده عشقی ، طبقه دوم ، واحد6', '2020-06-29 03:34:23', '2020-06-29 04:09:48'),
(116, 'حسنعلی', 'حسنی', '3781543293', NULL, '09126949412', '3113333383', 'رباط کریم ، شهرک نصیرآباد ، خ سرو10 ، قطعه 101 و 102 ،  پلاک 20 ، کارخانه قند آنا', '2020-06-29 06:10:36', '2020-06-29 06:10:36'),
(117, 'تولیدی', 'قند شاهین در ملکان', '10861376751', NULL, '09141783309', '5567131766', 'تبریز ، ملکان ، ناحیه صنعتی ولیعصر ، قطعه 40', '2020-06-29 06:43:41', '2020-06-29 06:43:41'),
(118, 'شرکت', 'تعاونی شیرینی پانیذ ماداکتو', '10740083014', '06633439312', '09161613760', '6816756133', 'خرم آباد ، شهرک صنعتی شماره 2', '2020-06-29 22:36:26', '2020-06-29 22:36:26'),
(119, 'اتحادیه', 'شرکت های تعاونی روستایی شهرستان همدان', '10820001027', '08132651737', '09183117678', '6514779519', 'همدان ، میدان امام حسین (ع) ، جنب سیلو', '2020-06-29 22:41:06', '2020-06-29 22:41:06'),
(120, 'محمد', 'سیاحت قنبری', '3990035738', NULL, '09181126115', '6568117374', 'رزن - خیابان ستار ابراهیمی، جنب پاساژ سبحان', '2020-06-29 23:39:47', '2020-06-29 23:39:47'),
(121, 'شرکت', 'تعاونی روستایی مولوی', '10820000799', NULL, '09188511755', '6581965438', 'تویسرکان ، بعد از میدان جانبازان ، روبروی دبیرستان مریم', '2020-06-30 01:39:44', '2020-06-30 01:39:44'),
(122, 'امیرحسین', 'فرخی صالح', '3860287011', NULL, '09120310200', '6519113197', 'همدان ، کوی گراچقا ، کوچه کارخانه قند', '2020-06-30 02:17:14', '2020-06-30 02:17:14'),
(123, 'شرکت', 'داداش برادر (شونیز)', '10200128812', NULL, '09143186594', '5495119357', 'آذربایجان شرقی - کیلومتر 23 جاده تهران ، خیابان آبیاری', '2020-06-30 02:28:14', '2020-06-30 02:28:14'),
(124, 'شرکت', 'اتحادیه صنف ساندویچ و بستنی همدان', '14004653197', '08138255018', '09183110214', '6516647875', 'همدان - میدان آرامگاه ، خیابان بین النهرین ، کوچه مسعودی خرم، پلاک 35', '2020-06-30 07:18:56', '2020-06-30 07:18:56'),
(125, 'اتحادیه', 'شرکتهای تعاونی روستائی بهار', '10861121960', NULL, '09188190810', '6531713583', 'بهار ، خیابان 17 شهریور', '2020-06-30 07:22:36', '2020-06-30 07:22:36'),
(126, 'شرکت', 'اتحادیه قنادان و نانوایان شهرستان بهار', '14007395327', NULL, '09183133556', NULL, 'بهار - خ امام', '2020-07-01 02:54:05', '2020-07-01 02:54:05'),
(127, 'شرکت', 'کوشا تغذیه ماندگار', '10320873158', '02136425380', '09126019862', '3393174884', 'پاکدشت ، شهرک صنعتی عباس آباد ، خیابان 40 ، خیابان 6 ( تیهو ) ، خیابان 6/4 ، پلاک 1843', '2020-07-02 05:38:41', '2020-07-02 05:38:41'),
(128, 'شرکت', 'داداش بردار (آیدین)', '10200032610', '04136307599', '09111111111', '5495118649', 'تبریز - کیلومتر 22جاده تهران - بالاتر از پلیس راه، خیابان کاشی تبریز - بعد از کولاک شرق - شرکت آیدین', '2020-07-04 01:42:56', '2020-07-04 01:42:56'),
(129, 'محمد', 'بیاتی.', '5029491449', '08136823060', '09183197001', '6561644755', 'فامنین ، خ امام ، جنب بانک کشاورزی', '2020-07-04 03:39:08', '2020-07-04 03:39:08'),
(130, 'عباس', 'قربانی', '4030087264', NULL, '09181072370', '6551913811', 'کبودرآهنگ - خیابان شهید دستغیب کوچه شهید جباری کوچه بوستان 11', '2020-07-04 05:32:22', '2020-07-04 05:32:22'),
(131, 'شرکت', 'چیپس نور جم (نامی نو)', '10780083450', NULL, '09181603014', '2864174374', 'شازند ، ناحیه صنعتی شهید بابایی ، قطعه 48', '2020-07-04 09:04:06', '2020-07-15 07:19:17'),
(132, 'شرکت', 'محصولات غذایی مهتاب شهد', '10861117596', NULL, '09181111008', '6516147564', 'همدان ، کیلومتر 25 جاده ملایر ، شهرک صنعتی گنبد', '2020-07-05 03:10:59', '2020-07-05 03:10:59'),
(133, 'محسن', 'ترک', '3934052861', NULL, '09183605905', '3848176165', 'اراک - سردشت - گاراژ قاسمی', '2020-07-05 08:27:14', '2020-07-05 08:27:14'),
(134, 'شرکت', 'توسعه و تجارت قند خوارزمی', '10103045915', NULL, '09123006266', '3393198723', 'تهران - شهرک صنعتی خوارزمی- فاز دوم -بلوار بوستان -خیابان زیتون - دست چپ', '2020-07-08 07:27:13', '2020-07-10 23:56:15'),
(135, 'سید مصطفی', 'فراهانی', '0519578252', NULL, '09181617977', '3817646589', 'اراک - خ مشهد - خ حاتم آبادی (20 متری میقان)', '2020-07-14 02:09:19', '2020-07-14 02:09:19'),
(136, 'سید رضا', 'قادری', '0069059446', NULL, '09181617979', '3817646589', 'اراک - خیابان مشهد - خ حاتم آبادی (20 متری میقان)', '2020-07-14 02:15:36', '2020-07-14 02:15:36'),
(137, 'احمد', 'نظم جو (بهاران یخمک)', '1729586953', NULL, '09124799721', '3366139551', 'البرز - ساوجبلاق، جاده ساوجبلاق-کرج قزوین، بعد از کمال آباد، چهردانگه، بالاتر از کارخانه بهروز نیک، کارخانه بهاران یخمک', '2020-07-14 23:59:09', '2020-07-14 23:59:35');

-- --------------------------------------------------------

--
-- Table structure for table `migrations`
--

CREATE TABLE `migrations` (
  `id` int(10) UNSIGNED NOT NULL,
  `migration` varchar(255) COLLATE utf8mb4_unicode_ci NOT NULL,
  `batch` int(11) NOT NULL
) ENGINE=InnoDB DEFAULT CHARSET=utf8mb4 COLLATE=utf8mb4_unicode_ci;

--
-- Dumping data for table `migrations`
--

INSERT INTO `migrations` (`id`, `migration`, `batch`) VALUES
(1, '2014_10_12_000000_create_users_table', 1),
(2, '2020_01_09_155312_create_transportations_table', 1),
(3, '2020_01_09_155333_create_costumers_table', 1),
(4, '2020_01_09_155432_create_orders_table', 1),
(5, '2020_02_01_065354_create_owner_table', 1),
(6, '2020_02_18_163624_create_permission_table', 2),
(7, '2020_02_18_164132_create_user_permission_table', 3);

-- --------------------------------------------------------

--
-- Table structure for table `orders`
--

CREATE TABLE `orders` (
  `order_num` int(11) NOT NULL,
  `amount` int(11) NOT NULL,
  `description` varchar(255) COLLATE utf8mb4_unicode_ci DEFAULT NULL,
  `date` date NOT NULL,
  `is_certain` tinyint(1) NOT NULL DEFAULT 1,
  `is_viewed` tinyint(1) NOT NULL DEFAULT 0,
  `costumer_id` int(10) UNSIGNED NOT NULL,
  `transportation_id` int(10) UNSIGNED NOT NULL,
  `owner_id` int(10) UNSIGNED NOT NULL,
  `year_id` int(10) UNSIGNED NOT NULL,
  `created_at` timestamp NULL DEFAULT NULL,
  `updated_at` timestamp NULL DEFAULT NULL
) ENGINE=InnoDB DEFAULT CHARSET=utf8mb4 COLLATE=utf8mb4_unicode_ci;

--
-- Dumping data for table `orders`
--

INSERT INTO `orders` (`order_num`, `amount`, `description`, `date`, `is_certain`, `is_viewed`, `costumer_id`, `transportation_id`, `owner_id`, `year_id`, `created_at`, `updated_at`) VALUES
(779, 50000, NULL, '2020-02-02', 1, 1, 8, 1, 1, 1, '2020-02-01 18:08:22', '2020-04-12 06:08:50'),
(780, 50000, NULL, '2020-02-02', 1, 1, 9, 1, 1, 1, '2020-02-01 21:14:58', '2020-04-12 06:08:50'),
(780, 10000, NULL, '2020-10-05', 1, 0, 122, 1, 1, 2, NULL, NULL),
(781, 50000, NULL, '2020-02-02', 1, 1, 10, 2, 1, 1, '2020-02-01 21:34:54', '2020-04-12 06:08:50'),
(782, 300000, NULL, '2020-02-05', 1, 1, 26, 1, 1, 1, '2020-02-04 19:02:45', '2020-04-12 06:08:50'),
(783, 900000, NULL, '2020-02-05', 1, 1, 27, 2, 1, 1, '2020-02-04 19:29:47', '2020-04-12 06:08:50'),
(785, 300000, NULL, '2020-02-06', 1, 1, 29, 1, 1, 1, '2020-02-05 18:24:37', '2020-04-12 06:08:50'),
(788, 65000, NULL, '2020-02-10', 1, 1, 30, 1, 1, 1, '2020-02-09 17:44:14', '2020-04-12 06:08:42'),
(789, 300000, NULL, '2020-02-12', 1, 1, 31, 1, 1, 1, '2020-02-11 20:00:35', '2020-04-12 06:08:42'),
(790, 45000, NULL, '2020-02-12', 1, 1, 30, 1, 1, 1, '2020-02-11 20:05:26', '2020-04-12 06:08:42'),
(793, 90000, NULL, '2020-02-15', 1, 1, 32, 2, 1, 1, '2020-02-15 22:12:19', '2020-04-12 06:08:42'),
(794, 90000, NULL, '2020-02-15', 1, 1, 30, 1, 1, 1, '2020-02-15 22:10:05', '2020-04-12 06:08:42'),
(796, 90000, NULL, '2020-02-17', 1, 1, 34, 1, 1, 1, '2020-02-16 17:48:07', '2020-04-12 06:08:42'),
(797, 100000, NULL, '2020-02-17', 1, 1, 8, 1, 1, 1, '2020-02-16 22:33:57', '2020-04-12 06:08:42'),
(799, 100000, NULL, '2020-02-20', 1, 1, 8, 1, 1, 1, '2020-02-19 15:05:59', '2020-04-12 06:08:42'),
(800, 20000, NULL, '2020-02-20', 1, 1, 21, 2, 1, 1, '2020-02-19 16:38:55', '2020-04-12 06:08:42'),
(801, 500000, NULL, '2020-02-20', 1, 1, 26, 1, 1, 1, '2020-02-19 17:21:23', '2020-04-12 06:08:42'),
(802, 700000, NULL, '2020-02-20', 1, 1, 27, 2, 1, 1, '2020-02-19 17:37:56', '2020-04-12 06:08:42'),
(803, 100000, NULL, '2020-02-20', 1, 1, 20, 1, 1, 1, '2020-02-19 20:01:19', '2020-04-12 06:08:42'),
(804, 120000, NULL, '2020-02-20', 1, 1, 35, 2, 1, 1, '2020-02-19 22:40:38', '2020-04-12 06:08:42'),
(805, 25000, NULL, '2020-02-20', 1, 1, 36, 2, 1, 1, '2020-02-19 22:42:33', '2020-04-12 06:08:42'),
(807, 5000, NULL, '2020-02-22', 1, 1, 37, 1, 1, 1, '2020-02-21 16:37:08', '2020-04-12 06:08:42'),
(808, 130000, 'نامه 48432 مورخ 98/12/01 صنعت و معدن', '2020-02-22', 1, 1, 21, 2, 1, 1, '2020-02-21 16:55:54', '2020-04-12 06:08:42'),
(809, 50000, NULL, '2020-02-22', 1, 1, 38, 1, 1, 1, '2020-02-21 17:46:51', '2020-04-12 06:08:42'),
(810, 150000, NULL, '2020-02-22', 1, 1, 30, 1, 1, 1, '2020-02-21 19:13:00', '2020-04-12 06:08:42'),
(811, 100000, NULL, '2020-02-22', 1, 1, 39, 1, 1, 1, '2020-02-21 19:30:28', '2020-04-12 06:08:42'),
(812, 500000, NULL, '2020-02-22', 1, 1, 31, 1, 1, 1, '2020-02-21 22:39:57', '2020-04-12 06:08:42'),
(813, 70000, NULL, '2020-02-22', 1, 1, 8, 1, 1, 1, '2020-02-21 23:09:21', '2020-04-12 06:08:42'),
(814, 180000, NULL, '2020-02-22', 1, 1, 35, 2, 1, 1, '2020-02-21 23:10:17', '2020-04-12 06:08:42'),
(815, 10000, NULL, '2020-02-22', 1, 1, 40, 1, 1, 1, '2020-02-22 01:02:12', '2020-04-12 06:08:42'),
(816, 50000, NULL, '2020-02-23', 1, 1, 20, 1, 1, 1, '2020-02-22 15:50:59', '2020-04-12 06:08:42'),
(818, 7000, NULL, '2020-02-23', 1, 1, 41, 1, 1, 1, '2020-02-22 19:31:47', '2020-04-12 06:08:41'),
(819, 300000, NULL, '2020-02-23', 1, 1, 29, 2, 1, 1, '2020-02-22 22:04:28', '2020-04-12 06:08:21'),
(820, 40000, NULL, '2020-02-23', 1, 1, 24, 1, 1, 1, '2020-02-22 22:40:15', '2020-04-12 06:08:21'),
(821, 130000, NULL, '2020-02-24', 1, 1, 8, 1, 1, 1, '2020-02-23 17:28:14', '2020-04-12 06:08:21'),
(822, 100000, NULL, '2020-02-24', 1, 1, 30, 1, 1, 1, '2020-02-23 18:32:38', '2020-04-12 06:08:21'),
(824, 32000, 'حواله اداره غله', '2020-02-24', 1, 1, 43, 2, 3, 1, '2020-02-23 19:23:16', '2020-04-12 06:08:21'),
(825, 500000, NULL, '2020-02-25', 1, 1, 27, 2, 1, 1, '2020-02-24 16:04:30', '2020-04-12 06:08:21'),
(826, 30000, NULL, '2020-02-25', 1, 1, 42, 1, 1, 1, '2020-02-24 19:41:46', '2020-04-12 06:08:21'),
(829, 23000, 'حواله 401184 مورخ 98/12/06', '2020-02-25', 1, 1, 44, 2, 3, 1, '2020-02-24 23:58:20', '2020-04-12 06:08:20'),
(830, 150000, NULL, '2020-02-26', 1, 1, 35, 2, 1, 1, '2020-02-25 21:12:22', '2020-04-12 06:08:20'),
(831, 50000, NULL, '2020-02-26', 1, 1, 43, 2, 1, 1, '2020-02-25 21:15:15', '2020-04-12 06:08:20'),
(833, 32000, 'حواله 401190', '2020-02-28', 1, 1, 45, 1, 3, 1, '2020-02-28 00:42:10', '2020-04-12 06:08:20'),
(834, 50000, 'حواله 49707 صمت', '2020-02-28', 1, 1, 46, 1, 1, 1, '2020-02-28 00:51:34', '2020-04-12 06:08:20'),
(835, 32000, 'حواله 401178', '2020-02-29', 1, 1, 47, 2, 3, 1, '2020-02-28 17:09:37', '2020-04-12 06:08:20'),
(836, 50000, 'حواله مادرتخصصی 401191', '2020-02-29', 1, 1, 46, 2, 3, 1, '2020-02-28 21:21:35', '2020-04-12 06:08:20'),
(837, 23000, NULL, '2020-02-29', 1, 1, 48, 2, 3, 1, '2020-02-28 22:05:50', '2020-04-12 06:08:20'),
(839, 27000, 'حواله 401192', '2020-03-01', 1, 1, 49, 1, 3, 1, '2020-02-29 17:41:22', '2020-04-12 06:08:20'),
(842, 30000, NULL, '2020-03-02', 1, 1, 44, 1, 1, 1, '2020-03-01 17:48:02', '2020-04-12 06:08:20'),
(843, 100000, NULL, '2020-03-02', 1, 1, 29, 1, 1, 1, '2020-03-01 20:36:49', '2020-04-12 06:08:20'),
(844, 50000, NULL, '2020-03-03', 1, 1, 48, 1, 1, 1, '2020-03-02 16:37:29', '2020-04-12 06:08:20'),
(845, 75000, NULL, '2020-03-03', 1, 1, 21, 1, 1, 1, '2020-03-02 18:27:44', '2020-04-12 06:08:20'),
(846, 100000, NULL, '2020-03-03', 1, 1, 35, 1, 1, 1, '2020-03-02 20:52:38', '2020-04-12 06:08:20'),
(847, 50000, NULL, '2020-03-04', 1, 1, 45, 2, 1, 1, '2020-03-03 17:29:54', '2020-04-12 06:08:20'),
(849, 75000, NULL, '2020-03-04', 1, 1, 20, 2, 1, 1, '2020-03-03 19:07:59', '2020-04-12 06:08:20'),
(851, 15000, NULL, '2020-03-07', 1, 1, 29, 1, 1, 1, '2020-03-06 21:09:19', '2020-04-12 06:08:20'),
(852, 100000, NULL, '2020-03-07', 1, 1, 26, 1, 1, 1, '2020-03-06 22:58:27', '2020-04-12 06:08:20'),
(853, 20000, NULL, '2020-03-09', 1, 1, 21, 2, 1, 1, '2020-03-08 19:14:23', '2020-04-12 06:08:11'),
(854, 20000, NULL, '2020-03-09', 1, 1, 32, 2, 1, 1, '2020-03-08 19:14:47', '2020-04-12 06:08:11'),
(855, 20000, NULL, '2020-03-09', 1, 1, 20, 2, 1, 1, '2020-03-08 19:15:06', '2020-04-12 06:08:11'),
(856, 10000, NULL, '2020-03-09', 1, 1, 50, 1, 1, 1, '2020-03-08 20:15:32', '2020-04-12 06:08:11'),
(857, 100000, NULL, '2020-03-09', 1, 1, 27, 1, 1, 1, '2020-03-08 20:16:41', '2020-04-12 06:08:11'),
(858, 10000, NULL, '2020-03-09', 1, 1, 51, 1, 1, 1, '2020-03-08 21:33:15', '2020-04-12 06:08:11'),
(861, 10000, NULL, '2020-03-09', 1, 1, 52, 2, 1, 1, '2020-03-09 00:24:38', '2020-04-12 06:08:10'),
(862, 10000, 'حواله 401221 مورخ 98/12/19', '2020-03-09', 1, 1, 18, 2, 3, 1, '2020-03-09 00:38:25', '2020-04-12 06:08:10'),
(863, 10000, NULL, '2020-03-09', 1, 1, 53, 2, 1, 1, '2020-03-09 02:39:00', '2020-04-12 06:08:10'),
(865, 10000, 'حواله 401226 مورخ 98/12/20', '2020-03-10', 1, 1, 14, 2, 3, 1, '2020-03-09 19:56:50', '2020-04-12 06:08:10'),
(866, 10000, 'حواله 401230 مورخه 1398/12/20', '2020-03-10', 1, 1, 54, 2, 3, 1, '2020-03-09 20:36:27', '2020-04-12 06:08:10'),
(867, 10000, 'حواله 401224 مورخه 1398/12/20', '2020-03-10', 1, 1, 55, 2, 3, 1, '2020-03-09 20:41:53', '2020-04-12 06:08:10'),
(868, 50000, NULL, '2020-03-10', 1, 1, 8, 1, 1, 1, '2020-03-09 20:53:23', '2020-04-12 06:08:10'),
(869, 10000, 'حواله 401223 مورخه 1398/12/19', '2020-03-10', 1, 1, 19, 2, 3, 1, '2020-03-09 23:26:15', '2020-04-12 06:08:10'),
(870, 10000, 'حواله 401225 مورخه 1398/12/20', '2020-03-10', 1, 1, 16, 2, 3, 1, '2020-03-09 23:22:39', '2020-04-12 06:08:10'),
(871, 10000, 'حواله 401237 مورخ 98/12/20', '2020-03-10', 1, 1, 56, 2, 3, 1, '2020-03-09 21:48:42', '2020-04-12 06:08:10'),
(872, 10000, 'حواله 401227 مورخه 1398/12/20', '2020-03-10', 1, 1, 34, 2, 3, 1, '2020-03-09 23:24:04', '2020-04-12 06:08:10'),
(873, 10000, 'حواله 401228 مورخه 1398/12/20', '2020-03-10', 1, 1, 23, 2, 3, 1, '2020-03-09 23:39:11', '2020-04-12 06:08:10'),
(874, 10000, 'حواله 401229 مورخه 1398/12/20', '2020-03-10', 1, 1, 59, 1, 3, 1, '2020-03-10 02:35:10', '2020-04-12 06:08:10'),
(875, 10000, 'حواله 401236 مورخ 98/12/20', '2020-03-10', 1, 1, 12, 2, 3, 1, '2020-03-09 22:32:12', '2020-04-12 06:08:10'),
(876, 10000, 'حواله 401231 مورخه 1398/12/20', '2020-03-10', 1, 1, 57, 2, 3, 1, '2020-03-09 23:28:32', '2020-04-12 06:08:10'),
(877, 10000, 'حواله 401234 مورخه 1398/12/20', '2020-03-10', 1, 1, 58, 2, 3, 1, '2020-03-09 23:34:11', '2020-04-12 06:08:10'),
(878, 10000, 'حواله 401240 مورخه 1398/12/20', '2020-03-10', 1, 1, 60, 2, 3, 1, '2020-03-10 03:17:12', '2020-04-12 06:08:10'),
(879, 100000, 'حواله صنعت و معدن 51992مورخ 1398/12/20', '2020-03-11', 1, 1, 27, 1, 1, 1, '2020-03-10 20:32:37', '2020-04-12 06:08:10'),
(880, 10000, 'حواله 401235 مورخه 1398/12/20', '2020-03-11', 1, 1, 11, 2, 3, 1, '2020-03-10 20:57:10', '2020-04-12 06:08:10'),
(883, 5000, 'حواله 401251 مورخه 1398/12/24', '2020-04-17', 1, 1, 61, 1, 3, 1, '2020-04-17 02:51:31', '2020-05-03 06:00:08'),
(884, 300000, 'حواله 400004 مورخه 1399/01/30', '2020-04-18', 1, 1, 27, 1, 3, 1, '2020-04-18 04:47:13', '2020-05-03 06:00:08'),
(886, 100000, 'شماره حواله 40017 مورخه 1399/02/02', '2020-04-21', 1, 1, 62, 1, 3, 1, '2020-04-21 02:15:27', '2020-05-03 06:00:08'),
(888, 200000, 'شماره حواله 400016 مورخه 1399/02/02', '2020-04-21', 1, 1, 31, 1, 3, 1, '2020-04-21 03:34:14', '2020-05-03 06:00:08'),
(889, 200000, 'شماره حواله 400015 مورخه 1399/02/02', '2020-04-21', 1, 1, 26, 1, 3, 1, '2020-04-21 03:40:31', '2020-05-03 06:00:08'),
(890, 250000, 'حواله 400020 مورخه 1399/02/04', '2020-04-23', 1, 1, 29, 1, 3, 1, '2020-04-23 00:25:43', '2020-05-03 06:00:08'),
(891, 81000, 'شماره حواله 400039 مورخه 1398/02/09 در نوشتن بارنامه به نام و کد ملی گیرنده دقت شود.', '2020-04-28', 1, 1, 62, 1, 3, 1, '2020-04-28 02:05:11', '2020-06-06 03:16:26'),
(988, 200000, NULL, '2020-06-06', 1, 1, 26, 1, 1, 1, '2020-06-06 03:11:06', '2020-06-07 04:17:29'),
(989, 100000, NULL, '2020-06-06', 1, 1, 20, 2, 1, 1, '2020-06-06 05:12:36', '2020-06-13 01:45:49'),
(993, 200000, NULL, '2020-06-07', 1, 1, 27, 1, 1, 1, '2020-06-07 01:51:35', '2020-06-07 08:48:27'),
(994, 120000, NULL, '2020-06-07', 1, 1, 8, 1, 1, 1, '2020-06-07 03:10:01', '2020-06-08 06:59:50'),
(997, 200000, NULL, '2020-06-07', 1, 1, 31, 1, 1, 1, '2020-06-07 07:03:32', '2020-06-08 06:59:50'),
(998, 100000, NULL, '2020-06-07', 1, 1, 63, 1, 1, 1, '2020-06-07 07:03:53', '2020-06-08 06:59:50'),
(1006, 50000, NULL, '2020-06-08', 1, 1, 64, 1, 1, 1, '2020-06-08 06:58:19', '2020-06-08 23:35:59'),
(1020, 10000, NULL, '2020-06-09', 1, 1, 65, 1, 1, 1, '2020-06-09 04:14:14', '2020-06-09 05:46:15'),
(1021, 10000, NULL, '2020-06-09', 1, 1, 66, 1, 1, 1, '2020-06-09 04:14:58', '2020-06-11 03:23:18'),
(1023, 200000, NULL, '2020-06-09', 1, 1, 35, 1, 1, 1, '2020-06-09 06:20:55', '2020-06-10 00:54:40'),
(1025, 50000, NULL, '2020-06-10', 1, 1, 67, 1, 1, 1, '2020-06-10 03:18:21', '2020-06-10 04:03:53'),
(1026, 30000, NULL, '2020-06-10', 1, 1, 34, 1, 1, 1, '2020-06-10 03:28:40', '2020-06-10 04:03:53'),
(1027, 25000, NULL, '2020-06-10', 1, 1, 14, 1, 1, 1, '2020-06-10 03:33:48', '2020-06-10 04:03:53'),
(1028, 30000, NULL, '2020-06-10', 1, 1, 21, 1, 1, 1, '2020-06-10 03:36:20', '2020-06-10 04:03:53'),
(1029, 20000, NULL, '2020-06-10', 1, 1, 56, 1, 1, 1, '2020-06-10 03:39:44', '2020-06-10 04:03:53'),
(1030, 30000, NULL, '2020-06-10', 1, 1, 32, 2, 1, 1, '2020-06-10 03:49:24', '2020-06-13 01:46:05'),
(1031, 20000, NULL, '2020-06-10', 1, 1, 15, 2, 1, 1, '2020-06-10 03:58:58', '2020-06-13 01:46:18'),
(1032, 30000, NULL, '2020-06-10', 1, 1, 23, 2, 1, 1, '2020-06-10 04:04:12', '2020-06-13 01:46:18'),
(1033, 45000, 'شنبه حمل شود', '2020-06-10', 1, 1, 38, 2, 1, 1, '2020-06-10 04:09:28', '2020-06-13 01:46:18'),
(1034, 15000, NULL, '2020-06-11', 1, 1, 19, 1, 1, 1, '2020-06-11 01:53:37', '2020-06-11 03:06:32'),
(1035, 15000, NULL, '2020-06-11', 1, 1, 51, 1, 1, 1, '2020-06-11 02:12:31', '2020-06-11 03:06:32'),
(1036, 30000, NULL, '2020-06-11', 1, 1, 12, 1, 1, 1, '2020-06-11 02:18:27', '2020-06-11 03:06:32'),
(1037, 30000, NULL, '2020-06-11', 1, 1, 54, 1, 1, 1, '2020-06-11 02:21:43', '2020-06-11 03:06:32'),
(1039, 70000, NULL, '2020-06-13', 1, 1, 21, 1, 1, 1, '2020-06-13 00:48:30', '2020-06-13 02:35:47'),
(1040, 30000, NULL, '2020-06-13', 1, 1, 23, 2, 1, 1, '2020-06-13 00:53:00', '2020-06-13 01:50:06'),
(1041, 200000, NULL, '2020-06-13', 1, 1, 26, 2, 1, 1, '2020-06-13 02:57:06', '2020-06-13 03:02:36'),
(1042, 20000, NULL, '2020-06-13', 1, 1, 68, 2, 1, 1, '2020-06-13 02:57:46', '2020-06-13 03:02:47'),
(1043, 200000, NULL, '2020-06-13', 1, 1, 27, 1, 1, 1, '2020-06-13 05:36:37', '2020-06-13 05:37:53'),
(1044, 10000, NULL, '2020-06-13', 1, 1, 53, 2, 1, 1, '2020-06-13 07:26:55', '2020-06-13 08:01:34'),
(1045, 20000, NULL, '2020-06-13', 1, 1, 17, 2, 1, 1, '2020-06-13 08:17:41', '2020-06-13 08:44:56'),
(1046, 25000, NULL, '2020-06-13', 1, 1, 55, 2, 1, 1, '2020-06-13 08:45:16', '2020-06-13 08:48:19'),
(1047, 20000, NULL, '2020-06-14', 1, 1, 16, 1, 1, 1, '2020-06-14 01:15:09', '2020-06-14 04:22:32'),
(1049, 200000, NULL, '2020-06-14', 1, 1, 31, 1, 1, 1, '2020-06-14 06:15:25', '2020-06-14 06:33:49'),
(1050, 25000, NULL, '2020-06-14', 1, 1, 69, 2, 1, 1, '2020-06-14 06:17:08', '2020-06-24 06:31:10'),
(1051, 25000, NULL, '2020-06-14', 1, 1, 14, 2, 1, 1, '2020-06-14 09:37:54', '2020-06-14 11:44:13'),
(1052, 20000, NULL, '2020-06-14', 1, 1, 59, 2, 1, 1, '2020-06-14 09:40:27', '2020-06-14 11:44:08'),
(1053, 2500000, 'فروش ستادی به شماره 200013 در تاریخ 1399/03/26', '2020-06-15', 1, 1, 70, 1, 3, 1, '2020-06-15 01:19:49', '2020-06-15 02:29:14'),
(1054, 20000, NULL, '2020-06-15', 1, 1, 71, 1, 1, 1, '2020-06-15 02:05:39', '2020-06-15 02:29:20'),
(1055, 20000, NULL, '2020-06-15', 1, 1, 57, 2, 1, 1, '2020-06-15 08:38:50', '2020-06-15 09:35:20'),
(1057, 300000, NULL, '2020-06-16', 1, 1, 26, 1, 1, 1, '2020-06-16 00:27:12', '2020-06-16 00:30:28'),
(1058, 20000, NULL, '2020-06-16', 1, 1, 72, 2, 1, 1, '2020-06-16 01:43:29', '2020-06-16 02:08:53'),
(1059, 200000, NULL, '2020-06-16', 1, 1, 35, 2, 1, 1, '2020-06-16 02:01:15', '2020-06-16 02:09:02'),
(1060, 35000, NULL, '2020-06-16', 1, 1, 54, 1, 1, 1, '2020-06-16 02:18:26', '2020-06-16 03:48:24'),
(1061, 25000, NULL, '2020-06-16', 1, 1, 32, 2, 1, 1, '2020-06-16 03:22:13', '2020-06-16 05:01:38'),
(1062, 20000, NULL, '2020-06-16', 1, 1, 73, 2, 1, 1, '2020-06-16 06:13:31', '2020-06-17 00:54:06'),
(1063, 50000, NULL, '2020-06-16', 1, 1, 12, 2, 1, 1, '2020-06-16 09:30:25', '2020-06-17 00:54:11'),
(1067, 20000, NULL, '2020-06-18', 1, 1, 74, 2, 1, 1, '2020-06-18 00:59:20', '2020-06-19 01:07:42'),
(1068, 25000, NULL, '2020-06-18', 1, 1, 55, 2, 1, 1, '2020-06-18 01:29:43', '2020-06-19 01:07:53'),
(1070, 70000, NULL, '2020-06-18', 1, 1, 75, 1, 1, 1, '2020-06-18 06:32:34', '2020-06-19 01:02:43'),
(1071, 200000, NULL, '2020-06-18', 1, 1, 39, 1, 1, 1, '2020-06-18 06:49:10', '2020-06-19 01:02:43'),
(1072, 200000, NULL, '2020-06-18', 1, 1, 35, 2, 1, 1, '2020-06-18 06:49:35', '2020-06-19 01:08:01'),
(1073, 35000, NULL, '2020-06-18', 1, 1, 54, 1, 1, 1, '2020-06-18 07:17:02', '2020-06-19 01:02:43'),
(1074, 25000, NULL, '2020-06-18', 1, 1, 45, 1, 1, 1, '2020-06-18 07:25:48', '2020-06-19 01:02:43'),
(1075, 15000, NULL, '2020-06-18', 1, 1, 19, 1, 1, 1, '2020-06-18 07:36:33', '2020-06-19 01:02:43'),
(1076, 20000, NULL, '2020-06-18', 1, 1, 76, 1, 1, 1, '2020-06-18 07:48:28', '2020-06-19 01:02:43'),
(1077, 20000, '10741', '2020-06-18', 1, 1, 56, 2, 1, 1, '2020-06-18 07:43:01', '2020-06-19 01:08:09'),
(1078, 100000, '11809', '2020-06-18', 1, 1, 18, 2, 1, 1, '2020-06-18 07:49:09', '2020-06-19 01:08:21'),
(1079, 30000, '10741', '2020-06-18', 1, 1, 57, 1, 1, 1, '2020-06-18 08:02:48', '2020-06-19 01:02:43'),
(1080, 20000, NULL, '2020-06-18', 1, 1, 59, 2, 1, 1, '2020-06-18 23:29:59', '2020-06-19 01:08:29'),
(1081, 20000, NULL, '2020-06-19', 1, 1, 61, 2, 1, 1, '2020-06-19 01:04:00', '2020-06-19 01:08:43'),
(1082, 20000, NULL, '2020-06-19', 1, 1, 50, 1, 1, 1, '2020-06-19 01:10:21', '2020-06-19 01:23:12'),
(1083, 10000, NULL, '2020-06-19', 1, 1, 53, 2, 1, 1, '2020-06-19 01:17:36', '2020-06-19 03:21:52'),
(1084, 30000, NULL, '2020-06-20', 1, 1, 77, 2, 1, 1, '2020-06-20 02:37:26', '2020-06-20 09:15:33'),
(1087, 20000, NULL, '2020-06-20', 1, 1, 40, 2, 1, 1, '2020-06-20 08:20:07', '2020-06-20 09:15:07'),
(1088, 5000, NULL, '2020-06-20', 1, 1, 78, 2, 1, 1, '2020-06-20 08:21:58', '2020-06-20 09:15:41'),
(1089, 10000, NULL, '2020-06-20', 1, 1, 57, 2, 1, 1, '2020-06-20 08:55:14', '2020-06-20 09:15:45'),
(1090, 20000, NULL, '2020-06-20', 1, 1, 42, 2, 1, 1, '2020-06-20 09:03:18', '2020-06-20 09:15:50'),
(1091, 5000, NULL, '2020-06-21', 1, 1, 65, 1, 1, 1, '2020-06-20 23:57:49', '2020-06-21 00:15:44'),
(1092, 3000, NULL, '2020-06-21', 1, 1, 79, 1, 1, 1, '2020-06-21 01:26:10', '2020-06-21 02:53:56'),
(1093, 30000, NULL, '2020-06-21', 1, 1, 15, 1, 1, 1, '2020-06-21 01:19:10', '2020-06-21 02:54:05'),
(1094, 20000, NULL, '2020-06-21', 1, 1, 73, 1, 1, 1, '2020-06-21 02:08:58', '2020-06-21 02:54:17'),
(1095, 40000, NULL, '2020-06-21', 1, 1, 14, 1, 1, 1, '2020-06-21 02:35:31', '2020-06-21 02:54:23'),
(1096, 20000, NULL, '2020-06-21', 1, 1, 52, 1, 1, 1, '2020-06-21 03:02:21', '2020-06-21 06:45:11'),
(1097, 25000, NULL, '2020-06-21', 1, 1, 43, 1, 1, 1, '2020-06-21 03:19:37', '2020-06-21 06:47:42'),
(1098, 70000, NULL, '2020-06-21', 1, 1, 34, 1, 1, 1, '2020-06-21 03:28:20', '2020-06-21 06:47:55'),
(1101, 25000, NULL, '2020-06-21', 1, 1, 32, 1, 1, 1, '2020-06-21 09:04:42', '2020-06-21 23:37:40'),
(1102, 85000, NULL, '2020-06-21', 1, 1, 54, 1, 1, 1, '2020-06-21 06:11:24', '2020-06-21 06:48:01'),
(1103, 100000, NULL, '2020-06-21', 1, 1, 20, 2, 1, 1, '2020-06-21 06:33:40', '2020-06-21 06:41:18'),
(1104, 200000, NULL, '2020-06-21', 1, 1, 27, 2, 1, 1, '2020-06-21 06:34:06', '2020-06-21 06:41:23'),
(1105, 20000, NULL, '2020-06-21', 1, 1, 17, 2, 1, 1, '2020-06-21 09:06:50', '2020-06-21 11:57:06'),
(1106, 20000, NULL, '2020-06-21', 1, 1, 80, 2, 1, 1, '2020-06-21 09:26:51', '2020-06-21 11:57:11'),
(1107, 40000, NULL, '2020-06-21', 1, 1, 59, 1, 1, 1, '2020-06-21 23:14:26', '2020-06-21 23:37:53'),
(1108, 25000, NULL, '2020-06-22', 1, 1, 48, 2, 1, 1, '2020-06-21 23:51:30', '2020-06-22 00:10:56'),
(1109, 10000, '10741', '2020-06-22', 1, 1, 61, 2, 1, 1, '2020-06-22 04:18:11', '2020-06-22 09:03:42'),
(1110, 50000, NULL, '2020-06-22', 1, 1, 81, 2, 1, 1, '2020-06-22 03:17:34', '2020-06-22 04:36:26'),
(1111, 50000, NULL, '2020-06-22', 1, 1, 82, 2, 1, 1, '2020-06-22 03:33:13', '2020-06-22 04:36:31'),
(1112, 30000, '11582', '2020-06-22', 1, 1, 75, 2, 1, 1, '2020-06-22 04:38:02', '2020-06-22 09:03:53'),
(1113, 10000, 'مصوب', '2020-06-22', 1, 1, 83, 2, 1, 1, '2020-06-22 04:59:15', '2020-06-22 09:06:52'),
(1114, 500000, '11582', '2020-06-22', 1, 1, 31, 1, 1, 1, '2020-06-22 05:09:42', '2020-06-22 06:48:33'),
(1115, 200000, '11809', '2020-06-22', 1, 1, 31, 1, 1, 1, '2020-06-22 05:13:11', '2020-06-22 06:48:33'),
(1116, 5000, NULL, '2020-06-22', 1, 1, 84, 2, 1, 1, '2020-06-22 06:05:38', '2020-06-22 09:10:12'),
(1117, 7000, '11809', '2020-06-22', 1, 1, 85, 2, 1, 1, '2020-06-22 06:45:24', '2020-06-22 09:12:49'),
(1118, 20000, '10741', '2020-06-22', 1, 1, 68, 2, 1, 1, '2020-06-22 07:05:13', '2020-06-22 09:15:20'),
(1119, 40000, '11582', '2020-06-22', 1, 1, 68, 2, 1, 1, '2020-06-22 07:05:42', '2020-06-22 09:17:24'),
(1120, 50000, NULL, '2020-06-22', 1, 1, 55, 2, 1, 1, '2020-06-22 07:07:28', '2020-06-22 09:19:44'),
(1121, 10000, '11582', '2020-06-22', 1, 1, 14, 2, 1, 1, '2020-06-22 07:14:10', '2020-06-22 09:19:58'),
(1122, 15000, NULL, '2020-06-22', 1, 1, 86, 2, 1, 1, '2020-06-22 07:18:03', '2020-06-22 09:24:33'),
(1123, 10000, '11809', '2020-06-22', 1, 1, 87, 2, 1, 1, '2020-06-22 07:25:06', '2020-06-22 09:26:21'),
(1124, 300000, '11582', '2020-06-22', 1, 1, 89, 1, 1, 1, '2020-06-22 08:04:03', '2020-06-22 08:07:28'),
(1125, 20000, '11856', '2020-06-22', 1, 1, 88, 2, 1, 1, '2020-06-22 07:58:45', '2020-06-22 09:27:54'),
(1126, 5000, '11582', '2020-06-22', 1, 1, 90, 2, 1, 1, '2020-06-22 08:10:22', '2020-06-23 02:55:03'),
(1127, 100000, NULL, '2020-06-22', 1, 1, 35, 2, 1, 1, '2020-06-22 08:57:00', '2020-06-22 09:29:48'),
(1128, 200000, NULL, '2020-06-22', 1, 1, 35, 2, 1, 1, '2020-06-22 08:57:19', '2020-06-22 09:32:25'),
(1129, 20000, NULL, '2020-06-22', 1, 1, 76, 2, 1, 1, '2020-06-22 08:57:54', '2020-06-22 09:32:40'),
(1130, 30000, '11856', '2020-06-22', 1, 1, 91, 2, 1, 1, '2020-06-22 09:02:55', '2020-06-22 09:34:33'),
(1132, 40000, NULL, '2020-06-22', 1, 1, 92, 1, 1, 1, '2020-06-22 23:38:11', '2020-06-23 01:21:54'),
(1134, 30000, '11809', '2020-06-23', 1, 1, 93, 1, 1, 1, '2020-06-23 01:41:48', '2020-06-23 03:12:39'),
(1135, 100000, NULL, '2020-06-23', 1, 1, 34, 1, 1, 1, '2020-06-23 01:52:44', '2020-06-23 03:12:45'),
(1136, 50000, NULL, '2020-06-23', 1, 1, 75, 1, 1, 1, '2020-06-23 01:55:39', '2020-06-23 03:12:54'),
(1137, 70000, NULL, '2020-06-23', 1, 1, 29, 1, 1, 1, '2020-06-23 02:07:46', '2020-06-23 03:12:59'),
(1138, 20000, NULL, '2020-06-23', 1, 1, 94, 1, 1, 1, '2020-06-23 02:26:55', '2020-06-24 00:44:09'),
(1139, 100000, NULL, '2020-06-23', 1, 1, 95, 1, 1, 1, '2020-06-23 03:21:12', '2020-06-23 04:35:21'),
(1140, 20000, '11582', '2020-06-23', 1, 1, 19, 1, 1, 1, '2020-06-23 03:45:01', '2020-06-24 00:46:16'),
(1142, 5000, NULL, '2020-06-23', 1, 1, 96, 2, 1, 1, '2020-06-23 06:24:26', '2020-06-23 13:35:43'),
(1143, 20000, '11586', '2020-06-23', 1, 1, 80, 2, 1, 1, '2020-06-23 07:29:03', '2020-06-24 04:13:07'),
(1144, 8000, NULL, '2020-06-23', 1, 1, 66, 2, 1, 1, '2020-06-23 07:33:20', '2020-06-24 06:27:39'),
(1145, 10000, NULL, '2020-06-23', 1, 1, 53, 2, 1, 1, '2020-06-23 07:36:16', '2020-06-24 04:11:59'),
(1146, 20000, '10741', '2020-06-23', 1, 1, 56, 1, 1, 1, '2020-06-23 08:14:59', '2020-06-24 02:19:54'),
(1147, 60000, '11582', '2020-06-23', 1, 1, 56, 1, 1, 1, '2020-06-23 08:18:42', '2020-06-24 02:19:54'),
(1148, 10000, '10741', '2020-06-23', 1, 1, 17, 1, 1, 1, '2020-06-23 08:19:33', '2020-06-24 02:19:54'),
(1149, 15000, NULL, '2020-06-24', 1, 1, 97, 1, 1, 1, '2020-06-24 00:47:16', '2020-06-24 02:19:54'),
(1150, 20000, NULL, '2020-06-24', 1, 1, 12, 2, 1, 1, '2020-06-24 01:41:19', '2020-06-24 04:12:04'),
(1151, 100000, NULL, '2020-06-24', 1, 1, 12, 2, 1, 1, '2020-06-24 01:41:41', '2020-06-24 04:12:28'),
(1152, 7000, NULL, '2020-06-24', 1, 1, 37, 1, 1, 1, '2020-06-24 02:26:26', '2020-06-24 03:45:31'),
(1153, 40000, NULL, '2020-06-24', 1, 1, 57, 2, 1, 1, '2020-06-24 02:26:50', '2020-06-24 04:12:36'),
(1155, 15000, NULL, '2020-06-24', 1, 1, 54, 2, 1, 1, '2020-06-24 02:41:30', '2020-06-24 04:12:43'),
(1156, 27000, NULL, '2020-06-24', 1, 1, 8, 1, 1, 1, '2020-06-24 03:35:00', '2020-06-24 03:45:40'),
(1157, 20000, NULL, '2020-06-24', 1, 1, 16, 1, 1, 1, '2020-06-29 00:49:52', '2020-06-29 02:26:24'),
(1158, 50000, NULL, '2020-06-24', 1, 1, 23, 1, 1, 1, '2020-06-24 04:02:11', '2020-06-24 06:56:46'),
(1159, 50000, NULL, '2020-06-24', 1, 1, 98, 2, 1, 1, '2020-06-24 04:04:09', '2020-06-24 04:12:50'),
(1160, 50000, NULL, '2020-06-30', 1, 1, 99, 2, 1, 1, '2020-07-01 00:02:23', '2020-07-01 00:16:52'),
(1161, 50000, NULL, '2020-06-24', 1, 1, 69, 2, 1, 1, '2020-06-24 07:08:51', '2020-06-25 01:03:47'),
(1162, 150000, '11582', '2020-06-24', 1, 1, 100, 2, 1, 1, '2020-06-24 07:41:01', '2020-06-25 01:03:54'),
(1164, 10000, '11809', '2020-06-24', 1, 1, 101, 1, 1, 1, '2020-06-24 09:41:14', '2020-06-25 02:29:28'),
(1165, 5000, '11582', '2020-06-25', 1, 1, 38, 1, 1, 1, '2020-06-25 01:23:04', '2020-06-25 02:29:35'),
(1166, 45000, 'مصوب', '2020-06-25', 1, 1, 38, 2, 1, 1, '2020-06-25 01:23:31', '2020-06-26 06:13:49'),
(1167, 20000, '11582', '2020-06-25', 1, 1, 57, 1, 1, 1, '2020-06-25 01:30:43', '2020-06-25 02:29:50'),
(1168, 70000, '11856', '2020-06-25', 1, 1, 102, 1, 1, 1, '2020-06-25 01:39:15', '2020-06-25 02:29:57'),
(1169, 20000, 'توقیری', '2020-06-25', 1, 1, 50, 1, 1, 1, '2020-06-25 01:52:27', '2020-06-25 02:30:04'),
(1170, 200000, NULL, '2020-06-25', 1, 1, 29, 1, 1, 1, '2020-06-25 03:15:41', '2020-06-25 04:21:53'),
(1171, 5000, NULL, '2020-07-01', 1, 1, 103, 2, 1, 1, '2020-07-01 00:14:49', '2020-07-01 00:16:56'),
(1172, 10000, '10741', '2020-06-27', 1, 1, 53, 1, 1, 1, '2020-06-26 23:47:11', '2020-06-27 08:18:09'),
(1173, 100000, 'مصوب', '2020-06-27', 1, 1, 39, 1, 1, 1, '2020-06-27 00:16:28', '2020-06-27 08:18:09'),
(1174, 100000, '11582', '2020-06-27', 1, 1, 21, 2, 1, 1, '2020-06-27 00:20:15', '2020-07-01 06:38:11'),
(1175, 80000, '11856', '2020-06-27', 1, 1, 46, 1, 1, 1, '2020-06-27 03:29:23', '2020-06-27 08:18:09'),
(1177, 165000, NULL, '2020-06-27', 1, 1, 29, 1, 1, 1, '2020-06-27 07:27:46', '2020-06-27 08:18:09'),
(1178, 100000, NULL, '2020-06-27', 1, 1, 8, 2, 1, 1, '2020-06-27 07:28:10', '2020-06-27 08:44:07'),
(1179, 10000, '11856', '2020-06-28', 1, 1, 104, 1, 1, 1, '2020-06-28 02:25:03', '2020-06-28 06:53:15'),
(1180, 500000, NULL, '2020-06-28', 1, 1, 105, 2, 1, 1, '2020-06-28 01:47:32', '2020-06-28 03:32:46'),
(1181, 25000, NULL, '2020-06-28', 1, 1, 106, 2, 1, 1, '2020-06-28 01:50:09', '2020-06-28 03:32:55'),
(1182, 20000, NULL, '2020-06-28', 1, 1, 107, 2, 1, 1, '2020-06-28 05:54:04', '2020-06-28 09:24:25'),
(1183, 20000, 'مصوب', '2020-06-28', 1, 1, 108, 1, 1, 1, '2020-06-28 05:56:20', '2020-06-28 07:32:27'),
(1184, 10000, NULL, '2020-06-28', 1, 1, 109, 1, 1, 1, '2020-06-28 06:08:32', '2020-06-28 07:32:27'),
(1185, 20000, 'مصوب', '2020-06-28', 1, 1, 110, 1, 1, 1, '2020-06-28 07:04:00', '2020-06-28 07:32:27'),
(1186, 10000, NULL, '2020-06-28', 1, 1, 23, 1, 1, 1, '2020-06-28 07:15:50', '2020-06-28 07:32:27'),
(1187, 200000, NULL, '2020-06-28', 1, 1, 111, 1, 1, 1, '2020-06-28 07:18:42', '2020-06-28 07:32:27'),
(1188, 150000, '11809', '2020-06-28', 1, 1, 112, 1, 1, 1, '2020-06-28 08:50:09', '2020-06-28 23:25:41'),
(1189, 100000, NULL, '2020-06-29', 1, 1, 26, 1, 1, 1, '2020-06-29 00:23:18', '2020-06-29 00:58:52'),
(1190, 10000, NULL, '2020-06-29', 1, 1, 113, 2, 1, 1, '2020-06-29 02:19:53', '2020-06-29 04:05:27'),
(1191, 25000, NULL, '2020-06-29', 1, 1, 114, 1, 1, 1, '2020-06-29 02:55:45', '2020-06-29 06:23:47'),
(1192, 50000, NULL, '2020-06-29', 1, 1, 82, 1, 1, 1, '2020-06-29 03:00:34', '2020-06-29 06:23:47'),
(1193, 100000, NULL, '2020-06-29', 1, 1, 34, 1, 1, 1, '2020-06-29 03:35:06', '2020-07-08 00:08:37'),
(1194, 50000, NULL, '2020-06-29', 1, 1, 116, 2, 1, 1, '2020-06-29 06:10:54', '2020-06-29 06:11:47'),
(1195, 100000, NULL, '2020-06-29', 1, 1, 117, 2, 1, 1, '2020-06-29 06:44:17', '2020-06-29 06:45:14'),
(1196, 200000, NULL, '2020-06-29', 1, 1, 63, 2, 1, 1, '2020-06-29 07:05:35', '2020-06-29 07:08:56'),
(1197, 65000, NULL, '2020-06-29', 1, 1, 29, 2, 1, 1, '2020-06-29 07:04:01', '2020-06-29 22:54:31'),
(1198, 40000, '11856', '2020-06-29', 1, 1, 120, 1, 1, 1, '2020-06-29 23:40:27', '2020-06-30 01:29:49'),
(1199, 50000, NULL, '2020-06-29', 1, 1, 118, 2, 1, 1, '2020-06-29 22:36:47', '2020-06-30 00:24:50'),
(1200, 20000, NULL, '2020-06-29', 1, 1, 17, 2, 1, 1, '2020-06-29 23:49:29', '2020-06-30 00:24:55'),
(1201, 25000, NULL, '2020-06-30', 1, 1, 83, 2, 1, 1, '2020-06-29 23:57:16', '2020-06-30 00:25:01'),
(1202, 75000, NULL, '2020-06-30', 1, 1, 121, 1, 1, 1, '2020-06-30 01:40:03', '2020-06-30 02:59:22'),
(1203, 5000, NULL, '2020-06-30', 1, 1, 122, 1, 1, 1, '2020-06-30 02:22:54', '2020-06-30 02:59:29'),
(1204, 50000, 'مصوب', '2020-06-30', 1, 1, 123, 1, 1, 1, '2020-06-30 02:35:28', '2020-07-04 02:20:38'),
(1205, 5000, NULL, '2020-06-30', 1, 1, 41, 1, 1, 1, '2020-06-30 02:46:06', '2020-06-30 02:59:15'),
(1206, 245000, NULL, '2020-06-30', 1, 1, 35, 2, 1, 1, '2020-06-30 02:46:28', '2020-07-11 08:17:31'),
(1208, 32000, NULL, '2020-06-30', 1, 1, 119, 1, 1, 1, '2020-06-30 07:19:44', '2020-06-30 08:54:19'),
(1209, 40000, NULL, '2020-06-30', 1, 1, 125, 1, 1, 1, '2020-06-30 07:22:50', '2020-06-30 08:54:37'),
(1210, 30000, '11582', '2020-06-30', 1, 1, 124, 2, 1, 1, '2020-06-30 07:29:09', '2020-07-01 00:22:39'),
(1211, 200000, NULL, '2020-07-01', 1, 1, 26, 1, 1, 1, '2020-07-01 06:53:52', '2020-07-01 07:04:00'),
(1212, 200000, NULL, '2020-07-01', 1, 1, 26, 1, 1, 1, '2020-07-01 06:54:11', '2020-07-01 07:04:00'),
(1213, 40000, NULL, '2020-07-01', 1, 1, 126, 1, 1, 1, '2020-07-01 03:01:48', '2020-07-01 07:04:00'),
(1214, 10000, NULL, '2020-07-01', 1, 1, 109, 1, 1, 1, '2020-07-01 06:38:37', '2020-07-01 07:04:00'),
(1215, 150000, NULL, '2020-07-01', 1, 1, 31, 1, 1, 1, '2020-07-01 07:51:37', '2020-07-01 23:18:47'),
(1216, 30000, NULL, '2020-07-02', 1, 1, 127, 2, 1, 1, '2020-07-02 05:38:59', '2020-07-02 10:23:39'),
(1217, 18000, NULL, '2020-07-02', 1, 1, 119, 1, 1, 1, '2020-07-02 05:52:57', '2020-07-03 23:05:43'),
(1219, 500000, NULL, '2020-07-04', 1, 1, 128, 1, 1, 1, '2020-07-04 01:43:44', '2020-07-04 01:45:27'),
(1220, 10000, NULL, '2020-07-04', 1, 1, 129, 2, 1, 1, '2020-07-04 03:39:25', '2020-07-04 08:37:01'),
(1221, 25000, '11809', '2020-07-04', 1, 1, 130, 1, 1, 1, '2020-07-04 05:32:45', '2020-07-04 07:25:47'),
(1222, 10000, '13027', '2020-07-04', 1, 1, 113, 2, 1, 1, '2020-07-04 06:13:59', '2020-07-04 08:37:07'),
(1223, 100000, 'امیر پویان نیا', '2020-07-04', 1, 1, 21, 1, 1, 1, '2020-07-04 08:25:27', '2020-07-07 02:34:02'),
(1225, 100000, 'پارسایی نژاد', '2020-07-04', 1, 1, 12, 2, 1, 1, '2020-07-04 08:21:47', '2020-07-08 03:15:50'),
(1226, 10000, NULL, '2020-07-04', 1, 1, 131, 2, 1, 1, '2020-07-04 09:04:23', '2020-07-04 11:29:38'),
(1229, 4000, NULL, '2020-07-05', 1, 1, 132, 2, 1, 1, '2020-07-05 03:19:33', '2020-07-05 13:10:17'),
(1230, 10000, NULL, '2020-07-05', 1, 1, 40, 2, 1, 1, '2020-07-05 05:36:38', '2020-07-05 13:10:24'),
(1231, 20000, NULL, '2020-07-05', 1, 1, 52, 2, 1, 1, '2020-07-05 07:37:05', '2020-07-05 13:10:30'),
(1232, 7000, NULL, '2020-07-05', 1, 1, 133, 2, 1, 1, '2020-07-05 08:27:35', '2020-07-05 13:10:36'),
(1234, 20000, NULL, '2020-07-06', 1, 1, 53, 1, 1, 1, '2020-07-06 08:52:09', '2020-07-06 23:17:40'),
(1236, 100000, NULL, '2020-07-07', 1, 1, 8, 2, 1, 1, '2020-07-07 07:07:49', '2020-07-07 10:24:48'),
(1237, 25000, 'مباشر از اتحادیه نانوایان همدن', '2020-07-08', 1, 1, 20, 2, 1, 1, '2020-07-08 04:26:57', '2020-07-08 11:39:12'),
(1238, 50000, NULL, '2020-07-08', 1, 1, 134, 1, 1, 1, '2020-07-08 07:27:32', '2020-07-08 23:09:04'),
(1239, 20000, NULL, '2020-07-11', 1, 1, 53, 1, 1, 1, '2020-07-11 07:29:01', '2020-07-11 23:35:15'),
(1240, 55000, 'ادامه درخواست 1206', '2020-07-11', 1, 1, 62, 2, 1, 1, '2020-07-11 08:16:35', '2020-07-11 09:33:08'),
(1241, 70000, NULL, '2020-07-12', 1, 1, 20, 2, 1, 1, '2020-07-12 08:08:19', '2020-07-12 12:18:31'),
(1242, 50000, NULL, '2020-07-13', 1, 1, 98, 2, 1, 1, '2020-07-13 08:33:21', '2020-07-13 11:10:20'),
(1244, 50000, NULL, '2020-07-13', 1, 1, 12, 2, 1, 1, '2020-07-13 08:39:02', '2020-07-13 11:10:26'),
(1245, 5000, NULL, '2020-07-14', 1, 1, 135, 1, 1, 1, '2020-07-14 02:11:10', '2020-07-14 02:28:43'),
(1246, 5000, NULL, '2020-07-14', 1, 1, 136, 1, 1, 1, '2020-07-14 02:18:38', '2020-07-14 02:28:43'),
(1247, 50000, NULL, '2020-07-15', 1, 1, 137, 1, 1, 1, '2020-07-14 23:59:54', '2020-07-15 01:02:39'),
(1249, 21940, NULL, '2020-07-17', 1, 1, 23, 2, 3, 1, '2020-07-17 09:22:12', '2020-07-17 09:26:16'),
(1252, 20000, NULL, '2020-07-18', 1, 1, 55, 1, 3, 1, '2020-07-18 09:42:31', '2020-07-18 23:26:37'),
(1254, 15000, NULL, '2020-07-19', 1, 1, 30, 2, 1, 1, '2020-07-19 02:48:58', '2020-07-19 03:39:26'),
(1257, 100000, NULL, '2020-08-01', 1, 1, 116, 2, 1, 1, '2020-08-01 08:16:27', '2020-08-01 09:05:35'),
(1259, 80000, NULL, '2020-08-01', 1, 1, 69, 2, 1, 1, '2020-08-01 08:07:25', '2020-08-02 01:03:28'),
(1260, 50000, NULL, '2020-08-02', 1, 1, 8, 1, 1, 1, '2020-08-02 00:56:47', '2020-08-02 01:01:49'),
(1261, 100000, NULL, '2020-08-03', 1, 1, 31, 1, 1, 1, '2020-08-03 02:47:28', '2020-08-03 02:49:34'),
(1266, 20000, NULL, '2020-08-15', 1, 1, 65, 2, 1, 1, '2020-08-15 06:59:25', '2020-08-15 10:14:19'),
(1269, 100000, NULL, '2020-08-22', 1, 1, 8, 1, 1, 1, '2020-08-22 07:05:36', '2020-08-23 05:35:27'),
(1270, 50000, NULL, '2020-08-22', 1, 1, 64, 1, 1, 1, '2020-08-22 07:06:06', '2020-08-23 05:35:27'),
(1271, 50000, NULL, '2020-08-22', 1, 0, 119, 2, 1, 1, '2020-08-22 07:06:39', '2020-08-24 00:21:36'),
(1272, 80000, NULL, '2020-08-22', 1, 1, 38, 2, 1, 1, '2020-08-22 07:07:02', '2020-08-23 03:10:06');

-- --------------------------------------------------------

--
-- Table structure for table `owners`
--

CREATE TABLE `owners` (
  `id` int(10) UNSIGNED NOT NULL,
  `name` varchar(100) COLLATE utf8mb4_unicode_ci NOT NULL,
  `national_id` varchar(11) COLLATE utf8mb4_unicode_ci NOT NULL,
  `zip_code` varchar(10) COLLATE utf8mb4_unicode_ci NOT NULL,
  `created_at` timestamp NULL DEFAULT NULL,
  `updated_at` timestamp NULL DEFAULT NULL
) ENGINE=InnoDB DEFAULT CHARSET=utf8mb4 COLLATE=utf8mb4_unicode_ci;

--
-- Dumping data for table `owners`
--

INSERT INTO `owners` (`id`, `name`, `national_id`, `zip_code`, `created_at`, `updated_at`) VALUES
(1, 'شرکت قند هگمتان', '10861092061', '6539116386', '2020-02-01 07:13:47', '2020-02-01 07:13:47'),
(3, 'شرکت مادر تخصصی بازرگانی دولتی ایران', '14002789339', '1431663651', '2020-02-25 06:57:14', '2020-02-25 06:57:14');

-- --------------------------------------------------------

--
-- Table structure for table `permissions`
--

CREATE TABLE `permissions` (
  `id` int(10) UNSIGNED NOT NULL,
  `permit` varchar(100) COLLATE utf8mb4_unicode_ci NOT NULL,
  `name` varchar(100) COLLATE utf8mb4_unicode_ci NOT NULL,
  `created_at` timestamp NULL DEFAULT NULL,
  `updated_at` timestamp NULL DEFAULT NULL
) ENGINE=InnoDB DEFAULT CHARSET=utf8mb4 COLLATE=utf8mb4_unicode_ci;

--
-- Dumping data for table `permissions`
--

INSERT INTO `permissions` (`id`, `permit`, `name`, `created_at`, `updated_at`) VALUES
(1, 'order@create', 'ایجاد حواله', NULL, NULL),
(2, 'order@update', 'ویرایش حواله', NULL, NULL),
(3, 'order@index', 'مشاهده حواله ها', NULL, NULL),
(4, 'order@delete', 'حذف حواله', NULL, NULL),
(5, 'costumer@index', 'مشاهده مشتری ها', NULL, NULL),
(6, 'costumer@create', 'ایجاد مشتری', NULL, NULL),
(7, 'costumer@update', 'ویرایش مشتری', NULL, NULL),
(8, 'costumer@delete', 'حذف مشتری', NULL, NULL),
(9, 'owner@index', 'مشاهده مالکین', NULL, NULL),
(10, 'owner@create', 'ایجاد مالک', NULL, NULL),
(11, 'owner@update', 'ویرایش مالک', NULL, NULL),
(12, 'owner@delete', 'حذف مالک', NULL, NULL),
(13, 'transportation@index', 'مشاهده باربری ها', NULL, NULL),
(14, 'transportation@create', 'ایجاد باربری', NULL, NULL),
(15, 'transportation@update', 'ویرایش باربری', NULL, NULL),
(16, 'transportation@delete', 'حذف باربری', NULL, NULL),
(17, 'user@all', 'کاربران', NULL, NULL);

-- --------------------------------------------------------

--
-- Table structure for table `permission_user`
--

CREATE TABLE `permission_user` (
  `user_id` int(10) UNSIGNED NOT NULL,
  `permission_id` int(10) UNSIGNED NOT NULL,
  `created_at` timestamp NULL DEFAULT NULL,
  `updated_at` timestamp NULL DEFAULT NULL
) ENGINE=InnoDB DEFAULT CHARSET=utf8mb4 COLLATE=utf8mb4_unicode_ci;

--
-- Dumping data for table `permission_user`
--

INSERT INTO `permission_user` (`user_id`, `permission_id`, `created_at`, `updated_at`) VALUES
(1, 1, NULL, NULL),
(1, 2, NULL, NULL),
(1, 3, NULL, NULL),
(1, 4, NULL, NULL),
(1, 5, NULL, NULL),
(1, 6, NULL, NULL),
(1, 7, NULL, NULL),
(1, 8, NULL, NULL),
(1, 9, NULL, NULL),
(1, 10, NULL, NULL),
(1, 11, NULL, NULL),
(1, 12, NULL, NULL),
(1, 13, NULL, NULL),
(1, 14, NULL, NULL),
(1, 15, NULL, NULL),
(1, 16, NULL, NULL),
(1, 17, NULL, NULL),
(10, 1, NULL, NULL),
(10, 2, NULL, NULL),
(10, 3, NULL, NULL),
(10, 4, NULL, NULL),
(10, 5, NULL, NULL),
(10, 6, NULL, NULL),
(10, 7, NULL, NULL),
(10, 8, NULL, NULL),
(10, 9, NULL, NULL),
(10, 10, NULL, NULL),
(10, 11, NULL, NULL),
(10, 12, NULL, NULL),
(10, 13, NULL, NULL),
(10, 14, NULL, NULL),
(10, 15, NULL, NULL),
(10, 16, NULL, NULL),
(10, 17, NULL, NULL),
(11, 3, NULL, NULL),
(12, 3, NULL, NULL);

-- --------------------------------------------------------

--
-- Table structure for table `transportations`
--

CREATE TABLE `transportations` (
  `id` int(10) UNSIGNED NOT NULL,
  `name` varchar(30) COLLATE utf8mb4_unicode_ci NOT NULL,
  `manager` varchar(30) COLLATE utf8mb4_unicode_ci NOT NULL,
  `created_at` timestamp NULL DEFAULT NULL,
  `updated_at` timestamp NULL DEFAULT NULL
) ENGINE=InnoDB DEFAULT CHARSET=utf8mb4 COLLATE=utf8mb4_unicode_ci;

--
-- Dumping data for table `transportations`
--

INSERT INTO `transportations` (`id`, `name`, `manager`, `created_at`, `updated_at`) VALUES
(1, 'سبزدشت', 'بیاتی', '2020-02-01 06:15:20', '2020-02-01 06:15:20'),
(2, 'ثمربار', 'امیربیگی', '2020-02-01 06:15:34', '2020-02-01 06:15:34');

-- --------------------------------------------------------

--
-- Table structure for table `users`
--

CREATE TABLE `users` (
  `id` int(10) UNSIGNED NOT NULL,
  `name` varchar(255) COLLATE utf8mb4_unicode_ci NOT NULL,
  `username` varchar(255) COLLATE utf8mb4_unicode_ci NOT NULL,
  `password` varchar(255) COLLATE utf8mb4_unicode_ci NOT NULL,
  `is_active` tinyint(1) NOT NULL,
  `transportation_id` int(10) UNSIGNED DEFAULT NULL,
  `remember_token` varchar(100) COLLATE utf8mb4_unicode_ci DEFAULT NULL,
  `created_at` timestamp NULL DEFAULT NULL,
  `updated_at` timestamp NULL DEFAULT NULL
) ENGINE=InnoDB DEFAULT CHARSET=utf8mb4 COLLATE=utf8mb4_unicode_ci;

--
-- Dumping data for table `users`
--

INSERT INTO `users` (`id`, `name`, `username`, `password`, `is_active`, `transportation_id`, `remember_token`, `created_at`, `updated_at`) VALUES
(1, 'سعید عزیزی آذر', 'عزیزی', '$2y$10$RwUOSh.mXG2xJ2IvwvEfQOGaQrpnjzndvYbijyPoJuY3tofjO3w/i', 1, NULL, 'PmrxGnbtTWr3ZPklKZ74RF97O1c0Osg5x2A3m2flIyRBqRvLddeDrynf3xz6', NULL, '2020-04-11 23:02:46'),
(10, 'محمد صفری', 'صفری', '$2y$10$9cd0r1mEaakcpXyosB1qXO8eP3F/DSt.fKq4Xb13LsglzFzB/.Coy', 1, NULL, '7hO1esPHgnMG04tj1TUCdoY94EAgs2bO7KzDawdqIFt1BeNjo68ZP3LBC9uv', '2020-03-07 01:12:32', '2020-06-19 01:03:24'),
(11, 'باربری سبزدشت', 'سبزدشت', '$2y$10$9zvTMjLkHuXF2cQ/f9SHoOsO6KYrf82.UC/85/.EicFfTttJxHruO', 1, 1, 'BLRPZm3JqtWdIt74aIqDfzR3epQ0DR82B8ISNvXaHlce4eYFwksmceifdKPE', '2020-03-07 01:13:51', '2020-06-06 02:24:26'),
(12, 'باربری ثمربار', 'ثمربار', '$2y$10$M7V5azsQ0RVQMqZ7q1KPnuI.8Qo3xY4zoNX1TKY8UufUComt.bm1m', 1, 2, '68rUvbovz193c7cBAstDZqLxNG8UJE4lN67Nh8ili7RD9cQZ4O4iVGJwoxME', '2020-03-07 01:14:41', '2020-06-11 00:31:52');

-- --------------------------------------------------------

--
-- Table structure for table `year`
--

CREATE TABLE `year` (
  `id` int(10) UNSIGNED NOT NULL,
  `name` varchar(100) COLLATE utf8_persian_ci NOT NULL,
  `start` date NOT NULL,
  `end` date NOT NULL,
  `defult` tinyint(1) NOT NULL DEFAULT 0
) ENGINE=InnoDB DEFAULT CHARSET=utf8 COLLATE=utf8_persian_ci;

--
-- Dumping data for table `year`
--

INSERT INTO `year` (`id`, `name`, `start`, `end`, `defult`) VALUES
(1, '1398-1399', '2019-09-22', '2020-09-21', 0),
(2, '1399-1400', '2020-09-22', '2021-09-21', 1);

--
-- Indexes for dumped tables
--

--
-- Indexes for table `costumers`
--
ALTER TABLE `costumers`
  ADD PRIMARY KEY (`id`);

--
-- Indexes for table `migrations`
--
ALTER TABLE `migrations`
  ADD PRIMARY KEY (`id`);

--
-- Indexes for table `orders`
--
ALTER TABLE `orders`
  ADD PRIMARY KEY (`order_num`,`year_id`) USING BTREE,
  ADD KEY `costumer_id` (`costumer_id`),
  ADD KEY `transportation_id` (`transportation_id`),
  ADD KEY `owner_id` (`owner_id`),
  ADD KEY `year_id` (`year_id`);

--
-- Indexes for table `owners`
--
ALTER TABLE `owners`
  ADD PRIMARY KEY (`id`);

--
-- Indexes for table `permissions`
--
ALTER TABLE `permissions`
  ADD PRIMARY KEY (`id`);

--
-- Indexes for table `permission_user`
--
ALTER TABLE `permission_user`
  ADD PRIMARY KEY (`user_id`,`permission_id`),
  ADD KEY `permission_id` (`permission_id`);

--
-- Indexes for table `transportations`
--
ALTER TABLE `transportations`
  ADD PRIMARY KEY (`id`);

--
-- Indexes for table `users`
--
ALTER TABLE `users`
  ADD PRIMARY KEY (`id`),
  ADD KEY `transportation_id` (`transportation_id`);

--
-- Indexes for table `year`
--
ALTER TABLE `year`
  ADD PRIMARY KEY (`id`);

--
-- AUTO_INCREMENT for dumped tables
--

--
-- AUTO_INCREMENT for table `costumers`
--
ALTER TABLE `costumers`
  MODIFY `id` int(10) UNSIGNED NOT NULL AUTO_INCREMENT, AUTO_INCREMENT=138;

--
-- AUTO_INCREMENT for table `migrations`
--
ALTER TABLE `migrations`
  MODIFY `id` int(10) UNSIGNED NOT NULL AUTO_INCREMENT, AUTO_INCREMENT=8;

--
-- AUTO_INCREMENT for table `owners`
--
ALTER TABLE `owners`
  MODIFY `id` int(10) UNSIGNED NOT NULL AUTO_INCREMENT, AUTO_INCREMENT=4;

--
-- AUTO_INCREMENT for table `permissions`
--
ALTER TABLE `permissions`
  MODIFY `id` int(10) UNSIGNED NOT NULL AUTO_INCREMENT, AUTO_INCREMENT=18;

--
-- AUTO_INCREMENT for table `transportations`
--
ALTER TABLE `transportations`
  MODIFY `id` int(10) UNSIGNED NOT NULL AUTO_INCREMENT, AUTO_INCREMENT=5;

--
-- AUTO_INCREMENT for table `users`
--
ALTER TABLE `users`
  MODIFY `id` int(10) UNSIGNED NOT NULL AUTO_INCREMENT, AUTO_INCREMENT=13;

--
-- AUTO_INCREMENT for table `year`
--
ALTER TABLE `year`
  MODIFY `id` int(10) UNSIGNED NOT NULL AUTO_INCREMENT, AUTO_INCREMENT=3;

--
-- Constraints for dumped tables
--

--
-- Constraints for table `orders`
--
ALTER TABLE `orders`
  ADD CONSTRAINT `orders_ibfk_1` FOREIGN KEY (`costumer_id`) REFERENCES `costumers` (`id`) ON DELETE CASCADE ON UPDATE CASCADE,
  ADD CONSTRAINT `orders_ibfk_2` FOREIGN KEY (`owner_id`) REFERENCES `owners` (`id`) ON DELETE CASCADE ON UPDATE CASCADE,
  ADD CONSTRAINT `orders_ibfk_3` FOREIGN KEY (`transportation_id`) REFERENCES `transportations` (`id`) ON DELETE CASCADE ON UPDATE CASCADE,
  ADD CONSTRAINT `orders_ibfk_4` FOREIGN KEY (`year_id`) REFERENCES `year` (`id`) ON UPDATE CASCADE;

--
-- Constraints for table `permission_user`
--
ALTER TABLE `permission_user`
  ADD CONSTRAINT `permission_user_ibfk_1` FOREIGN KEY (`user_id`) REFERENCES `users` (`id`) ON DELETE CASCADE ON UPDATE CASCADE,
  ADD CONSTRAINT `permission_user_ibfk_2` FOREIGN KEY (`permission_id`) REFERENCES `permissions` (`id`) ON DELETE CASCADE ON UPDATE CASCADE;

--
-- Constraints for table `users`
--
ALTER TABLE `users`
  ADD CONSTRAINT `users_ibfk_1` FOREIGN KEY (`transportation_id`) REFERENCES `transportations` (`id`) ON DELETE CASCADE ON UPDATE CASCADE;
COMMIT;

/*!40101 SET CHARACTER_SET_CLIENT=@OLD_CHARACTER_SET_CLIENT */;
/*!40101 SET CHARACTER_SET_RESULTS=@OLD_CHARACTER_SET_RESULTS */;
/*!40101 SET COLLATION_CONNECTION=@OLD_COLLATION_CONNECTION */;
